Workbook

Sheet 2 ALIYAH A
A1: No. Tamrin | B1: Nama | C1: No. Stambuk | D1: JML Siswi | E1: تفسير الجلالين | G1: إتمام الدراية | H1: رياض الصالحين | I1: كفاية العوام | J1: فتح المعين | K1: تسهيل الطرقات | L1: مبادئ قواعد الفقهية | M1: عدة الفارض | N1: الفية ابن مالك | O1: بداية الهداية | P1: الخط \ الإملاء | Q1: قراءة الكتب | R1: المحافظة | S1: الأخلاق | T1: جمل أرقام الدرجات الدراسية | U1: بإذن | V1: بغيره
A2: 01 | B2: AINA NUR LAELY | C2: 2788 | D2: 01 | E2: =TEXT(F2,"[$-2000000]0") -> ٥ | F2: 5 | G2: 5 | H2: 7 | I2: 6 | J2: 6 | K2: 6 | L2: - | M2: 7 | N2: 7 | O2: 6 | P2: 7 | Q2: 7 | R2: 8 | S2: 8 | T2: =SUM(E2:S2) -> 85 | U2: 1 | V2: -
A3: 02 | B3: AMARATUS SAIDA | C3: 2725 | D3: 02 | E3: =TEXT(F3,"[$-2000000]0") -> ٩ | F3: 9 | G3: 6 | H3: 8 | I3: 9 | J3: 9 | K3: 9 | L3: - | M3: 8 | N3: 6 | O3: 9 | P3: 8 | Q3: 8 | R3: 8 | S3: 8 | T3: =SUM(E3:S3) -> 105 | U3: - | V3: 1
A4: 03 | B4: ANJALI ISNA HUSNAWATI | C4: 2885 | D4: 03 | E4: =TEXT(F4,"[$-2000000]0") -> ٧ | F4: 7 | G4: 9 | H4: 8 | I4: 7 | J4: 9 | K4: 7 | L4: - | M4: 9 | N4: 8 | O4: 6 | P4: 8 | Q4: 8 | R4: 8 | S4: 8 | T4: =SUM(E4:S4) -> 102 | U4: - | V4: -
A5: 04 | B5: DAILLATS TSOORAYA | C5: 2653 | D5: 04 | E5: =TEXT(F5,"[$-2000000]0") -> ٩ | F5: 9 | G5: 9 | H5: 9 | I5: 9 | J5: 9 | K5: 9 | L5: - | M5: 9 | N5: 9 | O5: 9 | P5: 8 | Q5: 8 | R5: 8 | S5: 8 | T5: =SUM(E5:S5) -> 113 | U5: - | V5: -
A6: 05 | B6: DEWI NUR AZIZAH | C6: 2822 | D6: 05 | E6: =TEXT(F6,"[$-2000000]0") -> ٦ | F6: 6 | G6: 6 | H6: 7 | I6: 5 | J6: 5 | K6: 6 | L6: - | M6: 5 | N6: 6 | O6: 7 | P6: 8 | Q6: 7 | R6: 8 | S6: 8 | T6: =SUM(E6:S6) -> 84 | U6: - | V6: 1
A7: 06 | B7: DINA YULIANA SARI | C7: 2855 | D7: 06 | E7: =TEXT(F7,"[$-2000000]0") -> ٦ | F7: 6 | G7: 5 | H7: 6 | I7: 6 | J7: 5 | K7: 5 | L7: - | M7: 8 | N7: 5 | O7: 7 | P7: 8 | Q7: 7 | R7: 8 | S7: 8 | T7: =SUM(E7:S7) -> 84 | U7: 1 | V7: -
A8: 07 | B8: FARWAH FATIMAH FARZANI | C8: 2889 | D8: 07 | E8: =TEXT(F8,"[$-2000000]0") -> ٨ | F8: 8 | G8: 9 | H8: 9 | I8: 9 | J8: 9 | K8: 9 | L8: - | M8: 6 | N8: 9 | O8: 9 | P8: 8 | Q8: 8 | R8: 8 | S8: 8 | T8: =SUM(E8:S8) -> 109 | U8: 4 | V8: -
A9: 08 | B9: FATIN KHAMAMA | C9: 2692 | D9: 08 | E9: =TEXT(F9,"[$-2000000]0") -> ٩ | F9: 9 | G9: 9 | H9: 9 | I9: 9 | J9: 9 | K9: 9 | L9: - | M9: 9 | N9: 9 | O9: 9 | P9: 8 | Q9: 8 | R9: 8 | S9: 7 | T9: =SUM(E9:S9) -> 112 | U9: - | V9: -
A10: 09 | B10: FIKRIYA NAJITAMA | C10: 2654 | D10: 09 | E10: =TEXT(F10,"[$-2000000]0") -> ٦ | F10: 6 | G10: 5 | H10: 6 | I10: 5 | J10: 5 | K10: 6 | L10: - | M10: 5 | N10: 6 | O10: 6 | P10: 7 | Q10: 7 | R10: 7 | S10: 8 | T10: =SUM(E10:S10) -> 79 | U10: 2 | V10: -
A11: 10 | B11: FINA HIKMATUL MAULA | C11: 2732 | D11: 10 | E11: =TEXT(F11,"[$-2000000]0") -> ٩ | F11: 9 | G11: 7 | H11: 9 | I11: 7 | J11: 9 | K11: 9 | L11: - | M11: 8 | N11: 8 | O11: 9 | P11: 8 | Q11: 8 | R11: 8 | S11: 8 | T11: =SUM(E11:S11) -> 107 | U11: - | V11: -
A12: 11 | B12: FIRDA AYU NUR AMALIA | C12: 2859 | D12: 11 | E12: =TEXT(F12,"[$-2000000]0") -> ٦ | F12: 6 | G12: 5 | H12: 7 | I12: 5 | J12: 5 | K12: 7 | L12: - | M12: 5 | N12: 7 | O12: 5 | P12: 7 | Q12: 7 | R12: 7 | S12: 8 | T12: =SUM(E12:S12) -> 81 | U12: 2 | V12: -
A13: 12 | B13: FUTIKHATUL JANNAH | C13: 2890 | D13: 12 | E13: =TEXT(F13,"[$-2000000]0") -> ٥ | F13: 5 | G13: 5 | H13: 6 | I13: 5 | J13: 5 | K13: 5 | L13: - | M13: 6 | N13: 6 | O13: 6 | P13: 8 | Q13: 7 | R13: 7 | S13: 8 | T13: =SUM(E13:S13) -> 79 | U13: - | V13: -
A14: 13 | B14: HANIFAH KAFFA ARIFAH | C14: 2891 | D14: 13 | E14: =TEXT(F14,"[$-2000000]0") -> ٥ | F14: 5 | G14: 6 | H14: 7 | I14: 5 | J14: 5 | K14: 5 | L14: - | M14: 6 | N14: 5 | O14: 5 | P14: 7 | Q14: 7 | R14: 7 | S14: 8 | T14: =SUM(E14:S14) -> 78 | U14: - | V14: 2
A15: 14 | B15: JESICA BARBERA AISYAH PADANGENG ALAM | C15: 2657 | D15: 14 | E15: =TEXT(F15,"[$-2000000]0") -> ٩ | F15: 9 | G15: 8 | H15: 8 | I15: 9 | J15: 8 | K15: 9 | L15: - | M15: 9 | N15: 9 | O15: 8 | P15: 8 | Q15: 8 | R15: 8 | S15: 8 | T15: =SUM(E15:S15) -> 109 | U15: 3 | V15: -
A16: 15 | B16: KHOIRUNISA | C16: 2765 | D16: 15 | E16: =TEXT(F16,"[$-2000000]0") -> ٦ | F16: 6 | G16: 5 | H16: 6 | I16: 5 | J16: 5 | K16: 5 | L16: - | M16: 5 | N16: 7 | O16: 7 | P16: 7 | Q16: 8 | R16: 8 | S16: 8 | T16: =SUM(E16:S16) -> 82 | U16: - | V16: -
A17: 16 | B17: LIA WAFIQOTUL MAULA | C17: 2699 | D17: 16 | E17: =TEXT(F17,"[$-2000000]0") -> ٩ | F17: 9 | G17: 9 | H17: 9 | I17: 8 | J17: 8 | K17: 9 | L17: - | M17: 8 | N17: 9 | O17: 8 | P17: 8 | Q17: 8 | R17: 8 | S17: 8 | T17: =SUM(E17:S17) -> 109 | U17: - | V17: -
A18: 17 | B18: MUMAYIZAH | C18: 2872 | D18: 17 | E18: =TEXT(F18,"[$-2000000]0") -> ٦ | F18: 6 | G18: 7 | H18: 8 | I18: 5 | J18: 6 | K18: 7 | L18: - | M18: 7 | N18: 9 | O18: 8 | P18: 8 | Q18: 8 | R18: 8 | S18: 8 | T18: =SUM(E18:S18) -> 95 | U18: - | V18: -
A19: 18 | B19: NASYWA NAZWA | C19: 2837 | D19: 18 | E19: =TEXT(F19,"[$-2000000]0") -> ٧ | F19: 7 | G19: 5 | H19: 7 | I19: 6 | J19: 9 | K19: 5 | L19: - | M19: 8 | N19: 5 | O19: 5 | P19: 8 | Q19: 7 | R19: 8 | S19: 8 | T19: =SUM(E19:S19) -> 88 | U19: 1 | V19: -
A20: 19 | B20: NIRMALA | C20: 2901 | D20: 19 | E20: =TEXT(F20,"[$-2000000]0") -> ٩ | F20: 9 | G20: 6 | H20: 9 | I20: 6 | J20: 6 | K20: 6 | L20: - | M20: 7 | N20: 6 | O20: 6 | P20: 8 | Q20: 8 | R20: 8 | S20: 8 | T20: =SUM(E20:S20) -> 93 | U20: - | V20: 1
A21: 20 | B21: NUR FADILAH | C21: 2697 | D21: 20 | E21: =TEXT(F21,"[$-2000000]0") -> ٥ | F21: 5 | G21: 5 | H21: 5 | I21: 5 | J21: 5 | K21: 6 | L21: - | M21: 5 | N21: 5 | O21: 6 | P21: 8 | Q21: 8 | R21: 8 | S21: 8 | T21: =SUM(E21:S21) -> 79 | U21: - | V21: -
A22: 21 | B22: PASYA TIFANI | C22: 2670 | D22: 21 | E22: =TEXT(F22,"[$-2000000]0") -> ٧ | F22: 7 | G22: 6 | H22: 8 | I22: 6 | J22: 6 | K22: 8 | L22: - | M22: 6 | N22: 6 | O22: 8 | P22: 8 | Q22: 7 | R22: 7 | S22: 8 | T22: =SUM(E22:S22) -> 91 | U22: - | V22: -
A23: 22 | B23: QURROTUL AINI | C23: 2779 | D23: 22 | E23: =TEXT(F23,"[$-2000000]0") -> ٧ | F23: 7 | G23: 6 | H23: 7 | I23: 6 | J23: 5 | K23: 5 | L23: - | M23: 6 | N23: 5 | O23: 7 | P23: 8 | Q23: 7 | R23: 8 | S23: 8 | T23: =SUM(E23:S23) -> 85 | U23: - | V23: 1
A24: 23 | B24: RETA PUTRI AMALIA | C24: 2674 | D24: 23 | E24: =TEXT(F24,"[$-2000000]0") -> ٥ | F24: 5 | G24: 5 | H24: 5 | I24: 5 | J24: 4 | K24: 4 | L24: - | M24: 5 | N24: 5 | O24: 5 | P24: 7 | Q24: 7 | R24: 7 | S24: 8 | T24: =SUM(E24:S24) -> 72 | U24: - | V24: -
A25: 24 | B25: ROYDHOTUL MAGHFIROH | C25: 2675 | D25: 24 | E25: =TEXT(F25,"[$-2000000]0") -> ٥ | F25: 5 | G25: 8 | H25: 7 | I25: 6 | J25: 7 | K25: 6 | L25: - | M25: 7 | N25: 6 | O25: 8 | P25: 7 | Q25: 7 | R25: 7 | S25: 7 | T25: =SUM(E25:S25) -> 88 | U25: - | V25: -
A26: 25 | B26: SAILYN NAJA | C26: 2748 | D26: 25 | E26: =TEXT(F26,"[$-2000000]0") -> ٨ | F26: 8 | G26: 6 | H26: 9 | I26: 7 | J26: 7 | K26: 5 | L26: - | M26: 9 | N26: 8 | O26: 6 | P26: 8 | Q26: 8 | R26: 8 | S26: 8 | T26: =SUM(E26:S26) -> 97 | U26: - | V26: -
A27: 26 | B27: SALAMAH NAILUL MUNA | C27: 2677 | D27: 26 | E27: =TEXT(F27,"[$-2000000]0") -> ٩ | F27: 9 | G27: 9 | H27: 9 | I27: 9 | J27: 9 | K27: 9 | L27: - | M27: 9 | N27: 9 | O27: 9 | P27: 8 | Q27: 8 | R27: 8 | S27: 8 | T27: =SUM(E27:S27) -> 113 | U27: 8 | V27: -
A28: 27 | B28: SOFWI SAIDATIL UKHROWIYAH | C28: 2848 | D28: 27 | E28: =TEXT(F28,"[$-2000000]0") -> ٨ | F28: 8 | G28: 7 | H28: 9 | I28: 6 | J28: 6 | K28: 6 | L28: - | M28: 8 | N28: 7 | O28: 7 | P28: 8 | Q28: 8 | R28: 8 | S28: 8 | T28: =SUM(E28:S28) -> 96 | U28: - | V28: -
A29: 28 | B29: VIERA ADELIA PUTRI | C29: 2714 | D29: 28 | E29: =TEXT(F29,"[$-2000000]0") -> ٩ | F29: 9 | G29: 7 | H29: 8 | I29: 9 | J29: 8 | K29: 8 | L29: - | M29: 9 | N29: 8 | O29: 6 | P29: 8 | Q29: 8 | R29: 8 | S29: 8 | T29: =SUM(E29:S29) -> 104 | U29: - | V29: -
A30: 29 | B30: VINA AEINUL MAWADAH | C30: 2716 | D30: 29 | E30: =TEXT(F30,"[$-2000000]0") -> ٥ | F30: 5 | G30: 7 | H30: 7 | I30: 5 | J30: 5 | K30: 5 | L30: - | M30: 6 | N30: 5 | O30: 6 | P30: 8 | Q30: 7 | R30: 8 | S30: 8 | T30: =SUM(E30:S30) -> 82 | U30: - | V30: -
A31: 30 | B31: ZAHWA FARADISA LA’LA’AL HAQ AL-ANIZA | C31: 2916 | D31: 30 | E31: =TEXT(F31,"[$-2000000]0") -> ٩ | F31: 9 | G31: 9 | H31: 9 | I31: 9 | J31: 8 | K31: 9 | L31: - | M31: 8 | N31: 9 | O31: 9 | P31: 8 | Q31: 8 | R31: 8 | S31: 8 | T31: =SUM(E31:S31) -> 111 | U31: 1 | V31: 2
B32: NILAI 'AM | E32: =TEXT(F32,"[$-2000000]0") -> ٢١٣ | F32: =SUM(F2:F31) -> 213 | G32: =SUM(G2:G31) -> 201 | H32: =SUM(H2:H31) -> 228 | I32: =SUM(I2:I31) -> 199 | J32: =SUM(J2:J31) -> 202 | K32: =SUM(K2:K31) -> 204 | L32: - | M32: =SUM(M2:M31) -> 213 | N32: =SUM(N2:N31) -> 209 | O32: =SUM(O2:O31) -> 212 | P32: =SUM(P2:P31) -> 233 | Q32: =SUM(Q2:Q31) -> 227 | R32: =SUM(R2:R31) -> 233 | S32: =SUM(S2:S31) -> 238 | T32: =SUM(E32:S32) -> 2812 | U32: - | V32: -
H36: NILAI 'AM
H37: =E32/D31 -> 7
H38: =G32/D31 -> 7
H39: =H32/D31 -> 8
H40: =I32/D31 -> 7
H41: =J32/D31 -> 7
H42: =K32/D31 -> 7
H43: -
H44: =M32/D31 -> 7
H45: =N32/D31 -> 7
H46: =O32/D31 -> 7
H47: =P32/D31 -> 8
H48: =Q32/D31 -> 8
H49: =R32/D31 -> 8
H50: =S32/D31 -> 8
H51: =SUM(H37:H50) -> 96

Sheet 2 ALIYAH B
A1: No. Tamrin | B1: Nama | C1: No. Stambuk | D1: JML Siswi | E1: تفسير الجلالين | G1: إتمام الدراية | H1: رياض الصالحين | I1: كفاية العوام | J1: فتح المعين | K1: تسهيل الطرقات | L1: مبادئ قواعد الفقهية | M1: عدة الفارض | N1: الفية ابن مالك | O1: بداية الهداية | P1: الخط \ الإملاء | Q1: قراءة الكتب | R1: المحافظة | S1: الأخلاق | T1: جمل أرقام الدرجات الدراسية | U1: بإذن | V1: بغيره
A2: 01 | B2: AINUN NISA | C2: 2884 | D2: 01 | E2: =TEXT(F2,"[$-2000000]0") -> ٩ | F2: 9 | G2: 7 | H2: 7 | I2: 6 | J2: 7 | K2: 6 | L2: - | M2: 7 | N2: 7 | O2: 8 | P2: 8 | Q2: 8 | R2: 8 | S2: 7 | T2: =SUM(E2:S2) -> 95 | U2: - | V2: 8
A3: 02 | B3: ALLENTHA SHEYNA LUNAURA Y. P. | C3: 2722 | D3: 02 | E3: =TEXT(F3,"[$-2000000]0") -> ٩ | F3: 9 | G3: 9 | H3: 9 | I3: 8 | J3: 8 | K3: 8 | L3: - | M3: 7 | N3: 8 | O3: 9 | P3: 8 | Q3: 8 | R3: 8 | S3: 8 | T3: =SUM(E3:S3) -> 107 | U3: - | V3: 1
A4: 03 | B4: BINTI MARDLOTILLAH | C4: 2652 | D4: 03 | E4: =TEXT(F4,"[$-2000000]0") -> ٩ | F4: 9 | G4: 9 | H4: 9 | I4: 9 | J4: 9 | K4: 9 | L4: - | M4: 9 | N4: 9 | O4: 9 | P4: 8 | Q4: 8 | R4: 8 | S4: 8 | T4: =SUM(E4:S4) -> 113 | U4: - | V4: -
A5: 04 | B5: CHANINA KAMELIA MAHFUDZOTUSSALAMAH | C5: 2796 | D5: 04 | E5: =TEXT(F5,"[$-2000000]0") -> ٩ | F5: 9 | G5: 9 | H5: 9 | I5: 9 | J5: 9 | K5: 9 | L5: - | M5: 9 | N5: 9 | O5: 9 | P5: 8 | Q5: 8 | R5: 8 | S5: 8 | T5: =SUM(E5:S5) -> 113 | U5: 4 | V5: -
A6: 05 | B6: DHOU'UHA YUDHI'U FALABIQOH | C6: 2799 | D6: 05 | E6: =TEXT(F6,"[$-2000000]0") -> ٩ | F6: 9 | G6: 9 | H6: 9 | I6: 9 | J6: 9 | K6: 8 | L6: - | M6: 9 | N6: 9 | O6: 9 | P6: 8 | Q6: 8 | R6: 8 | S6: 8 | T6: =SUM(E6:S6) -> 112 | U6: - | V6: -
A7: 06 | B7: EFI ZULIYANI | C7: 2730 | D7: 06 | E7: =TEXT(F7,"[$-2000000]0") -> ٧ | F7: 7 | G7: 6 | H7: 9 | I7: 7 | J7: 7 | K7: 7 | L7: - | M7: 9 | N7: 8 | O7: 7 | P7: 8 | Q7: 8 | R7: 8 | S7: 7 | T7: =SUM(E7:S7) -> 98 | U7: - | V7: -
A8: 07 | B8: FARICHA NAJLA NADIA | C8: 2690 | D8: 07 | E8: =TEXT(F8,"[$-2000000]0") -> ٦ | F8: 6 | G8: 6 | H8: 9 | I8: 6 | J8: 7 | K8: 6 | L8: - | M8: 9 | N8: 6 | O8: 7 | P8: 8 | Q8: 7 | R8: 7 | S8: 7 | T8: =SUM(E8:S8) -> 91 | U8: 2 | V8: -
A9: 08 | B9: HANIN ATIQOTUR RIF'AH SHODIQ | C9: 2761 | D9: 08 | E9: =TEXT(F9,"[$-2000000]0") -> ٦ | F9: 6 | G9: 6 | H9: 8 | I9: 6 | J9: 6 | K9: 7 | L9: - | M9: 6 | N9: 6 | O9: 7 | P9: 8 | Q9: 7 | R9: 7 | S9: 8 | T9: =SUM(E9:S9) -> 88 | U9: - | V9: -
A10: 09 | B10: HUMAIRO' ALMUFIDAH | C10: 2892 | D10: 09 | E10: =TEXT(F10,"[$-2000000]0") -> ٦ | F10: 6 | G10: 6 | H10: 8 | I10: 6 | J10: 5 | K10: 7 | L10: - | M10: 6 | N10: 6 | O10: 7 | P10: 7 | Q10: 7 | R10: 7 | S10: 8 | T10: =SUM(E10:S10) -> 86 | U10: 3 | V10: -
A11: 10 | B11: INDAH ASHLIHAH AZMIROTUSSALAMAH | C11: 2762 | D11: 10 | E11: =TEXT(F11,"[$-2000000]0") -> ٦ | F11: 6 | G11: 5 | H11: 7 | I11: 5 | J11: 8 | K11: 6 | L11: - | M11: 7 | N11: 5 | O11: 5 | P11: 7 | Q11: 6 | R11: 7 | S11: 8 | T11: =SUM(E11:S11) -> 82 | U11: 2 | V11: -
A12: 11 | B12: ISNIATUN | C12: 2805 | D12: 11 | E12: =TEXT(F12,"[$-2000000]0") -> ٥ | F12: 5 | G12: 5 | H12: 7 | I12: 5 | J12: 5 | K12: 5 | L12: - | M12: 7 | N12: 5 | O12: 5 | P12: 6 | Q12: 6 | R12: 6 | S12: 7 | T12: =SUM(E12:S12) -> 74 | U12: - | V12: -
A13: 12 | B13: LAURA NASIKA FATMA PADANGENG WULAN | C13: 2698 | D13: 12 | E13: =TEXT(F13,"[$-2000000]0") -> ٨ | F13: 8 | G13: 7 | H13: 9 | I13: 6 | J13: 8 | K13: 6 | L13: - | M13: 6 | N13: 9 | O13: 8 | P13: 8 | Q13: 8 | R13: 8 | S13: 8 | T13: =SUM(E13:S13) -> 99 | U13: 2 | V13: -
A14: 13 | B14: LIYAL HUSNA WAZIYADA | C14: 2700 | D14: 13 | E14: =TEXT(F14,"[$-2000000]0") -> ٨ | F14: 8 | G14: 9 | H14: 9 | I14: 9 | J14: 9 | K14: 9 | L14: - | M14: 8 | N14: 9 | O14: 7 | P14: 8 | Q14: 8 | R14: 8 | S14: 8 | T14: =SUM(E14:S14) -> 109 | U14: - | V14: -
A15: 14 | B15: MAHBUBATUL JANAH | C15: 2660 | D15: 14 | E15: =TEXT(F15,"[$-2000000]0") -> ٩ | F15: 9 | G15: 9 | H15: 9 | I15: 9 | J15: 9 | K15: 9 | L15: - | M15: 9 | N15: 9 | O15: 8 | P15: 8 | Q15: 8 | R15: 8 | S15: 8 | T15: =SUM(E15:S15) -> 112 | U15: - | V15: -
A16: 15 | B16: MAISAROH | C16: 2701 | D16: 15 | E16: =TEXT(F16,"[$-2000000]0") -> ٩ | F16: 9 | G16: 8 | H16: 9 | I16: 7 | J16: 8 | K16: 7 | L16: - | M16: 8 | N16: 9 | O16: 8 | P16: 7 | Q16: 8 | R16: 8 | S16: 8 | T16: =SUM(E16:S16) -> 104 | U16: 1 | V16: -
A17: 16 | B17: MEI NANGIMAH | C17: 2871 | D17: 16 | E17: =TEXT(F17,"[$-2000000]0") -> ٥ | F17: 5 | G17: 5 | H17: 8 | I17: 5 | J17: 7 | K17: 6 | L17: - | M17: 7 | N17: 6 | O17: 7 | P17: 7 | Q17: 7 | R17: 8 | S17: 7 | T17: =SUM(E17:S17) -> 85 | U17: - | V17: -
A18: 17 | B18: MINKKA QISTHY AL HIMNA | C18: 2702 | D18: 17 | E18: =TEXT(F18,"[$-2000000]0") -> ٩ | F18: 9 | G18: 9 | H18: 9 | I18: 8 | J18: 8 | K18: 8 | L18: - | M18: 8 | N18: 9 | O18: 7 | P18: 8 | Q18: 8 | R18: 8 | S18: 8 | T18: =SUM(E18:S18) -> 107 | U18: 1 | V18: -
A19: 18 | B19: NAFIATUD DAROINI | C19: 2664 | D19: 18 | E19: =TEXT(F19,"[$-2000000]0") -> ٩ | F19: 9 | G19: 9 | H19: 8 | I19: 8 | J19: 8 | K19: 7 | L19: - | M19: 9 | N19: 9 | O19: 8 | P19: 8 | Q19: 8 | R19: 8 | S19: 8 | T19: =SUM(E19:S19) -> 107 | U19: 6 | V19: -
A20: 19 | B20: NAILUN NAJAH ALJADIDAH | C20: 2704 | D20: 19 | E20: =TEXT(F20,"[$-2000000]0") -> ٩ | F20: 9 | G20: 9 | H20: 9 | I20: 8 | J20: 9 | K20: 7 | L20: - | M20: 9 | N20: 9 | O20: 7 | P20: 8 | Q20: 8 | R20: 8 | S20: 8 | T20: =SUM(E20:S20) -> 108 | U20: 1 | V20: -
A21: 20 | B21: NIDA RAHMA KHASANI | C21: 2900 | D21: 20 | E21: =TEXT(F21,"[$-2000000]0") -> ٧ | F21: 7 | G21: 7 | H21: 9 | I21: 6 | J21: 8 | K21: 6 | L21: - | M21: 9 | N21: 5 | O21: 8 | P21: 8 | Q21: 8 | R21: 7 | S21: 8 | T21: =SUM(E21:S21) -> 96 | U21: 3 | V21: 3
A22: 21 | B22: NIHLAH SALIMAH FIDDAROIN | C22: 2668 | D22: 21 | E22: =TEXT(F22,"[$-2000000]0") -> ٩ | F22: 9 | G22: 9 | H22: 9 | I22: 8 | J22: 9 | K22: 9 | L22: - | M22: 9 | N22: 9 | O22: 9 | P22: 8 | Q22: 8 | R22: 8 | S22: 8 | T22: =SUM(E22:S22) -> 112 | U22: 1 | V22: -
A23: 23 | B23: RIZKA TOYYIBAH | C23: 2815 | D23: 22 | E23: =TEXT(F23,"[$-2000000]0") -> ٤ | F23: 4 | G23: 5 | H23: 6 | I23: 5 | J23: 5 | K23: 4 | L23: - | M23: 5 | N23: 5 | O23: 5 | P23: 6 | Q23: 6 | R23: 7 | S23: 7 | T23: =SUM(E23:S23) -> 70 | U23: 6 | V23: 9
A24: 24 | B24: SAKINATUL AWIDDAH | C24: 2676 | D24: 23 | E24: =TEXT(F24,"[$-2000000]0") -> ٩ | F24: 9 | G24: 9 | H24: 9 | I24: 8 | J24: 7 | K24: 7 | L24: - | M24: 7 | N24: 9 | O24: 8 | P24: 8 | Q24: 8 | R24: 8 | S24: 8 | T24: =SUM(E24:S24) -> 105 | U24: - | V24: -
A25: 25 | B25: SALSA RONA ANDIRA | C25: 2678 | D25: 24 | E25: =TEXT(F25,"[$-2000000]0") -> ٦ | F25: 6 | G25: 9 | H25: 9 | I25: 5 | J25: 8 | K25: 6 | L25: - | M25: 5 | N25: 5 | O25: 8 | P25: 6 | Q25: 6 | R25: 7 | S25: 8 | T25: =SUM(E25:S25) -> 88 | U25: - | V25: -
A26: 26 | B26: SINTA ULWIYATUL HASANAH | C26: 2750 | D26: 25 | E26: =TEXT(F26,"[$-2000000]0") -> ٩ | F26: 9 | G26: 8 | H26: 9 | I26: 7 | J26: 7 | K26: 9 | L26: - | M26: 9 | N26: 8 | O26: 7 | P26: 8 | Q26: 8 | R26: 8 | S26: 8 | T26: =SUM(E26:S26) -> 105 | U26: 1 | V26: -
A27: 27 | B27: TAFRIJJIYYAH HISLAMI PUTRI | C27: 2681 | D27: 26 | E27: =TEXT(F27,"[$-2000000]0") -> ٧ | F27: 7 | G27: 9 | H27: 9 | I27: 6 | J27: 7 | K27: 8 | L27: - | M27: 7 | N27: 9 | O27: 8 | P27: 8 | Q27: 8 | R27: 8 | S27: 8 | T27: =SUM(E27:S27) -> 102 | U27: 1 | V27: 1
A28: 28 | B28: TITIK KUSUMAWATI | C28: 2682 | D28: 27 | E28: =TEXT(F28,"[$-2000000]0") -> ٩ | F28: 9 | G28: 9 | H28: 9 | I28: 9 | J28: 9 | K28: 9 | L28: - | M28: 9 | N28: 9 | O28: 9 | P28: 8 | Q28: 8 | R28: 8 | S28: 8 | T28: =SUM(E28:S28) -> 113 | U28: - | V28: 1
A29: 29 | B29: TSAABITA A'MALUNA ZAHRO' | C29: 2909 | D29: 28 | E29: =TEXT(F29,"[$-2000000]0") -> ٥ | F29: 5 | G29: 6 | H29: 8 | I29: 5 | J29: 7 | K29: 7 | L29: - | M29: 6 | N29: 5 | O29: 6 | P29: 7 | Q29: 7 | R29: 8 | S29: 8 | T29: =SUM(E29:S29) -> 85 | U29: - | V29: 1
A30: 30 | B30: TUTI ALAWIYAH | C30: 2684 | D30: 29 | E30: =TEXT(F30,"[$-2000000]0") -> ٧ | F30: 7 | G30: 9 | H30: 9 | I30: 9 | J30: 9 | K30: 9 | L30: - | M30: 8 | N30: 9 | O30: 9 | P30: 8 | Q30: 8 | R30: 7 | S30: 8 | T30: =SUM(E30:S30) -> 109 | U30: - | V30: -
A31: 31 | B31: VENITA FITRIANI | C31: 2685 | D31: 30 | E31: =TEXT(F31,"[$-2000000]0") -> ٧ | F31: 7 | G31: 5 | H31: 8 | I31: 6 | J31: 5 | K31: 5 | L31: - | M31: 6 | N31: 6 | O31: 6 | P31: 7 | Q31: 7 | R31: 8 | S31: 7 | T31: =SUM(E31:S31) -> 83 | U31: - | V31: -
A32: 32 | B32: YESICCA YAHYA ALVIA | C32: 2786 | D32: 31 | E32: =TEXT(F32,"[$-2000000]0") -> ٥ | F32: 5 | G32: 6 | H32: 8 | I32: 6 | J32: 6 | K32: 5 | L32: - | M32: 5 | N32: 6 | O32: 5 | P32: 7 | Q32: 7 | R32: 8 | S32: 8 | T32: =SUM(E32:S32) -> 82 | U32: 4 | V32: -
A33: 33 | B33: ZAHROTUL ASHFIA | C33: 2912 | D33: 32 | E33: =TEXT(F33,"[$-2000000]0") -> ٧ | F33: 7 | G33: 8 | H33: 9 | I33: 6 | J33: 6 | K33: 7 | L33: - | M33: 7 | N33: 6 | O33: 7 | P33: 7 | Q33: 7 | R33: 7 | S33: 8 | T33: =SUM(E33:S33) -> 92 | U33: - | V33: -
B34: NILAI 'AM | E34: =TEXT(F34,"[$-2000000]0") -> ٢٣٨ | F34: =SUM(F2:F33) -> 238 | G34: =SUM(G2:G33) -> 241 | H34: =SUM(H2:H33) -> 272 | I34: =SUM(I2:I33) -> 222 | J34: =SUM(J2:J33) -> 239 | K34: =SUM(K2:K33) -> 228 | L34: =SUM(L2:L33) -> 0 | M34: =SUM(M2:M33) -> 241 | ... S34: =SUM(S2:S33) -> 249 | T34: =SUM(E34:S34) -> 3132 | U34: - | V34: -
U35: - | V35: -
U36: - | V36: -
H38: NILAI 'AM
H39: =E34/D33 -> 7
H40: =G34/D33 -> 8
B41: SIT MELEBIHI BATAS | H41: =H34/D33 -> 9
H42: =I34/D33 -> 7
H43: =J34/D33 -> 7
H44: =K34/D33 -> 7
H45: -
H46: =M34/D33 -> 8
H47: =N34/D33 -> 7
H48: =O34/D33 -> 7
H49: =P34/D33 -> 8
H50: =Q34/D33 -> 8
H51: =R34/D33 -> 8
H52: =S34/D33 -> 8
H53: =SUM(H39:H52) -> 99

Sheet 2 ALIYAH C
A1: No. Tamrin | B1: Nama | C1: No. Stambuk | D1: JML Siswi | E1: تفسير الجلالين | G1: إتمام الدراية | H1: رياض الصالحين | I1: كفاية العوام | J1: فتح المعين | K1: تسهيل الطرقات | L1: مبادئ قواعد الفقهية | M1: عدة الفارض | N1: الفية ابن مالك | O1: بداية الهداية | P1: الخط \ الإملاء | Q1: قراءة الكتب | R1: المحافظة | S1: الأخلاق | T1: جمل أرقام الدرجات الدراسية | U1: بإذن | V1: بغيره
A2: 01 | B2: AFIDATUL MUNAWAROH | C2: 2687 | D2: 01 | E2: =TEXT(F2,"[$-2000000]0") -> ٦ | F2: 6 | G2: 4 | H2: 6 | I2: 4 | J2: 5 | K2: 5 | L2: - | M2: 5 | N2: 5 | O2: 6 | P2: 7 | Q2: 7 | R2: 7 | S2: 8 | T2: =SUM(E2:S2) -> 75 | U2: 1
A3: 02 | B3: ARINA PUTRI AISYAH | C3: 2728 | D3: 02 | E3: =TEXT(F3,"[$-2000000]0") -> ٩ | F3: 9 | G3: 9 | H3: 9 | I3: 9 | J3: 9 | K3: 9 | L3: - | M3: 9 | N3: 9 | O3: 9 | P3: 8 | Q3: 8 | R3: 8 | S3: 8 | T3: =SUM(E3:S3) -> 113 | U3: 1 | V3: -
A4: 03 | B4: DWI NOVI ARINI | C4: 2800 | D4: 03 | E4: =TEXT(F4,"[$-2000000]0") -> ٤ | F4: 4 | G4: 7 | H4: 9 | I4: 4 | J4: 5 | K4: 6 | L4: - | M4: 7 | N4: 5 | O4: 6 | P4: 7 | Q4: 7 | R4: 8 | S4: 8 | T4: =SUM(E4:S4) -> 83 | U4: 4 | V4: -
A5: 04 | B5: FATHINA RAMADHANI | C5: 2691 | D5: 04 | E5: =TEXT(F5,"[$-2000000]0") -> ٩ | F5: 9 | G5: 9 | H5: 9 | I5: 7 | J5: 8 | K5: 9 | L5: - | M5: 9 | N5: 9 | O5: 8 | P5: 8 | Q5: 8 | R5: 8 | S5: 8 | T5: =SUM(E5:S5) -> 109 | U5: 2 | V5: -
A6: 05 | B6: FAZA KAUTSARA | C6: 2693 | D6: 05 | E6: =TEXT(F6,"[$-2000000]0") -> ٩ | F6: 9 | G6: 7 | H6: 8 | I6: 7 | J6: 6 | K6: 8 | L6: - | M6: 4 | N6: 5 | O6: 9 | P6: 7 | Q6: 8 | R6: 8 | S6: 8 | T6: =SUM(E6:S6) -> 94 | U6: 1 | V6: -
A7: 06 | B7: FAZA NAYYIROTUT THOYYIBAH AL-FAIQOH | C7: 2731 | D7: 06 | E7: =TEXT(F7,"[$-2000000]0") -> ٨ | F7: 8 | G7: 7 | H7: 9 | I7: 7 | J7: 5 | K7: 6 | L7: - | M7: 9 | N7: 9 | O7: 8 | P7: 9 | Q7: 8 | R7: 7 | S7: 8 | T7: =SUM(E7:S7) -> 100 | U7: - | V7: -
A8: 07 | B8: HARTI MINAWATI | C8: 2694 | D8: 07 | E8: =TEXT(F8,"[$-2000000]0") -> ٨ | F8: 8 | G8: 7 | H8: 8 | I8: 7 | J8: 9 | K8: 9 | L8: - | M8: 8 | N8: 6 | O8: 8 | P8: 8 | Q8: 8 | R8: 8 | S8: 8 | T8: =SUM(E8:S8) -> 102 | U8: - | V8: -
A9: 08 | B9: HILYATUL AULIYA | C9: 2828 | D9: 08 | E9: =TEXT(F9,"[$-2000000]0") -> ٩ | F9: 9 | G9: 9 | H9: 9 | I9: 9 | J9: 9 | K9: 9 | L9: - | M9: 9 | N9: 9 | O9: 9 | P9: 9 | Q9: 8 | R9: 8 | S9: 8 | T9: =SUM(E9:S9) -> 114 | U9: - | V9: -
A10: 09 | B10: INDAH CAHYAWATI | C10: 2656 | D10: 09 | E10: =TEXT(F10,"[$-2000000]0") -> ٥ | F10: 5 | G10: 8 | H10: 8 | I10: 4 | J10: 6 | K10: 6 | L10: - | M10: 7 | N10: 4 | O10: 7 | P10: 7 | Q10: 7 | R10: 6 | S10: 6 | T10: =SUM(E10:S10) -> 81 | U10: 6 | V10: 7
A11: 10 | B11: JUMROTUL KHASANAH | C11: 2695 | D11: 10 | E11: =TEXT(F11,"[$-2000000]0") -> ٨ | F11: 8 | G11: 7 | H11: 8 | I11: 7 | J11: 8 | K11: 9 | L11: - | M11: 9 | N11: 4 | O11: 8 | P11: 9 | Q11: 8 | R11: 8 | S11: 8 | T11: =SUM(E11:S11) -> 101 | U11: 1 | V11: -
A12: 11 | B12: KHADIJAH AZZAHRA | C12: 2538 | D12: 11 | E12: =TEXT(F12,"[$-2000000]0") -> ٦ | F12: 6 | G12: 4 | H12: 7 | I12: 4 | J12: 5 | K12: 6 | L12: - | M12: 4 | N12: 4 | O12: 5 | P12: 8 | Q12: 7 | R12: 8 | S12: 8 | T12: =SUM(E12:S12) -> 76 | U12: - | V12: -
A13: 12 | B13: LINAILI SYAUQIYATU ZAHRO | C13: 2767 | D13: 12 | E13: =TEXT(F13,"[$-2000000]0") -> ٩ | F13: 9 | G13: 9 | H13: 9 | I13: 8 | J13: 9 | K13: 9 | L13: - | M13: 9 | N13: 9 | O13: 9 | P13: 9 | Q13: 8 | R13: 9 | S13: 8 | T13: =SUM(E13:S13) -> 114 | U13: 1 | V13: -
A14: 13 | B14: LITA RAHMA AULIA | C14: 2735 | D14: 13 | E14: =TEXT(F14,"[$-2000000]0") -> ٩ | F14: 9 | G14: 9 | H14: 9 | I14: 8 | J14: 9 | K14: 9 | L14: - | M14: 9 | N14: 9 | O14: 8 | P14: 9 | Q14: 8 | R14: 8 | S14: 8 | T14: =SUM(E14:S14) -> 112 | U14: - | V14: -
A15: 14 | B15: MAEMUNAH RIZKY AMALIA | C15: 2894 | D15: 14 | E15: =TEXT(F15,"[$-2000000]0") -> ٨ | F15: 8 | G15: 9 | H15: 9 | I15: 8 | J15: 9 | K15: 9 | L15: - | M15: 7 | N15: 9 | O15: 9 | P15: 8 | Q15: 8 | R15: 9 | S15: 8 | T15: =SUM(E15:S15) -> 110 | U15: 5 | V15: 1
A16: 15 | B16: NAFIAH RS. | C16: 2834 | D16: 15 | E16: =TEXT(F16,"[$-2000000]0") -> ٩ | F16: 9 | G16: 9 | H16: 9 | I16: 7 | J16: 7 | K16: 9 | L16: - | M16: 7 | N16: 9 | O16: 8 | P16: 7 | Q16: 8 | R16: 8 | S16: 8 | T16: =SUM(E16:S16) -> 105 | U16: - | V16: 1
A17: 16 | B17: NAZILATUR ROKHMAH | C17: 2772 | D17: 16 | E17: =TEXT(F17,"[$-2000000]0") -> ٩ | F17: 9 | G17: 8 | H17: 9 | I17: 7 | J17: 7 | K17: 8 | L17: - | M17: 8 | N17: 9 | O17: 8 | P17: 9 | Q17: 8 | R17: 9 | S17: 8 | T17: =SUM(E17:S17) -> 107 | U17: 4 | V17: 3
A18: 17 | B18: NIDATUL QOLBIYYAH | C18: 2810 | D18: 17 | E18: =TEXT(F18,"[$-2000000]0") -> ٩ | F18: 9 | G18: 9 | H18: 9 | I18: 9 | J18: 8 | K18: 9 | L18: - | M18: 6 | N18: 9 | O18: 9 | P18: 7 | Q18: 8 | R18: 9 | S18: 7 | T18: =SUM(E18:S18) -> 108 | U18: 1 | V18: -
A19: 18 | B19: NIRAHAYU | C19: 2742 | D19: 18 | E19: =TEXT(F19,"[$-2000000]0") -> ٩ | F19: 9 | G19: 9 | H19: 9 | I19: 7 | J19: 9 | K19: 9 | L19: - | M19: 9 | N19: 8 | O19: 8 | P19: 8 | Q19: 8 | R19: 9 | S19: 8 | T19: =SUM(E19:S19) -> 110 | U19: 1 | V19: -
A20: 19 | B20: NUR HIDAYATUL KHASANAH | C20: 2707 | D20: 19 | E20: =TEXT(F20,"[$-2000000]0") -> ٩ | F20: 9 | G20: 8 | H20: 9 | I20: 8 | J20: 9 | K20: 8 | L20: - | M20: 9 | N20: 9 | O20: 9 | P20: 7 | Q20: 8 | R20: 8 | S20: 8 | T20: =SUM(E20:S20) -> 109 | U20: - | V20: -
A21: 20 | B21: NUZLAH FITRIYANI | C21: 2811 | D21: 20 | E21: =TEXT(F21,"[$-2000000]0") -> ٤ | F21: 4 | G21: 7 | H21: 9 | I21: 5 | J21: 5 | K21: 6 | L21: - | M21: 8 | N21: 5 | O21: 7 | P21: 9 | Q21: 8 | R21: 9 | S21: 8 | T21: =SUM(E21:S21) -> 90 | U21: 1 | V21: -
A22: 21 | B22: PUTRI FAJRI HIDAYAH | C22: 2512 | D22: 21 | E22: =TEXT(F22,"[$-2000000]0") -> ٨ | F22: 8 | G22: 4 | H22: 7 | I22: 4 | J22: 4 | K22: 5 | L22: - | M22: 6 | N22: 5 | O22: 6 | P22: 7 | Q22: 7 | R22: 7 | S22: 7 | T22: =SUM(E22:S22) -> 77 | U22: 2 | V22: 2
A23: 22 | B23: RAISYA PUTRI FADLILAH | C23: 2843 | D23: 22 | E23: =TEXT(F23,"[$-2000000]0") -> ٨ | F23: 8 | G23: 6 | H23: 9 | I23: 6 | J23: 7 | K23: 6 | L23: - | M23: 8 | N23: 9 | O23: 8 | P23: 9 | Q23: 7 | R23: 8 | S23: 8 | T23: =SUM(E23:S23) -> 99 | U23: - | V23: -
A24: 23 | B24: REVA FAHRA AISYYAH | C24: 2746 | D24: 23 | E24: =TEXT(F24,"[$-2000000]0") -> ٩ | F24: 9 | G24: 9 | H24: 9 | I24: 7 | J24: 9 | K24: 9 | L24: - | M24: 9 | N24: 9 | O24: 9 | P24: 9 | Q24: 9 | R24: 9 | S24: 8 | T24: =SUM(E24:S24) -> 114 | U24: - | V24: -
A25: 24 | B25: RINA OKTAVIANI | C25: 2709 | D25: 24 | E25: =TEXT(F25,"[$-2000000]0") -> ٥ | F25: 5 | G25: 9 | H25: 9 | I25: 4 | J25: 6 | K25: 7 | L25: - | M25: 8 | N25: 9 | O25: 7 | P25: 8 | Q25: 8 | R25: 8 | S25: 8 | T25: =SUM(E25:S25) -> 96 | U25: - | V25: -
A26: 25 | B26: RIZMA NOVITA RAHMA | C26: 2904 | D26: 25 | E26: =TEXT(F26,"[$-2000000]0") -> ٧ | F26: 7 | G26: 8 | H26: 9 | I26: 4 | J26: 8 | K26: 9 | L26: - | M26: 8 | N26: 4 | O26: 9 | P26: 8 | Q26: 8 | R26: 8 | S26: 7 | T26: =SUM(E26:S26) -> 97 | U26: - | V26: -
A27: 26 | B27: SASKIA NAYLA FAUZIYAH | C27: 2878 | D27: 26 | E27: =TEXT(F27,"[$-2000000]0") -> ٩ | F27: 9 | G27: 9 | H27: 9 | I27: 9 | J27: 9 | K27: 9 | L27: - | M27: 9 | N27: 9 | O27: 9 | P27: 9 | Q27: 9 | R27: 9 | S27: 8 | T27: =SUM(E27:S27) -> 116 | U27: 1 | V27: -
A28: 27 | B28: SILVY FATIYYA MAUDIDA | C28: 2880 | D28: 27 | E28: =TEXT(F28,"[$-2000000]0") -> ٦ | F28: 6 | G28: 7 | H28: 9 | I28: 5 | J28: 4 | K28: 8 | L28: - | M28: 7 | N28: 7 | O28: 6 | P28: 8 | Q28: 7 | R28: 8 | S28: 8 | T28: =SUM(E28:S28) -> 90 | U28: - | V28: 2
A29: 28 | B29: UMI KULTSUM | C29: 2850 | D29: 28 | E29: =TEXT(F29,"[$-2000000]0") -> ٥ | F29: 5 | G29: 7 | H29: 9 | I29: 4 | J29: 6 | K29: 4 | L29: - | M29: 8 | N29: 7 | O29: 5 | P29: 8 | Q29: 8 | R29: 9 | S29: 8 | T29: =SUM(E29:S29) -> 88 | U29: - | V29: -
A30: 29 | B30: UMMU NAFISAH SALMA | C30: 2752 | D30: 29 | E30: =TEXT(F30,"[$-2000000]0") -> ٧ | F30: 7 | G30: 9 | H30: 8 | I30: 4 | J30: 5 | K30: 6 | L30: - | M30: 5 | N30: 4 | O30: 7 | P30: 8 | Q30: 8 | R30: 9 | S30: 8 | T30: =SUM(E30:S30) -> 88 | U30: - | V30: -
A31: 30 | B31: VIA HIKMATUL MAULA | C31: 2910 | D31: 30 | E31: =TEXT(F31,"[$-2000000]0") -> ٦ | F31: 6 | G31: 6 | H31: 6 | I31: 4 | J31: 4 | K31: 6 | L31: - | M31: 6 | N31: 4 | O31: 5 | P31: 7 | Q31: 7 | R31: 8 | S31: 7 | T31: =SUM(E31:S31) -> 76 | U31: - | V31: -
A32: 31 | B32: VINA HIMMATUL QUDSIYAH | C32: 4267 | D32: 31 | E32: =TEXT(F32,"[$-2000000]0") -> ٦ | F32: 6 | G32: 4 | H32: 5 | I32: 4 | J32: 4 | K32: 6 | L32: - | M32: 5 | N32: 4 | O32: 5 | P32: 7 | Q32: 6 | R32: 7 | S32: 7 | T32: =SUM(E32:S32) -> 70 | U32: - | V32: -
A33: 32 | B33: ZAHRA ALFIYATUNNISA | C33: 2882 | D33: 32 | E33: =TEXT(F33,"[$-2000000]0") -> ٥ | F33: 5 | G33: 5 | H33: 7 | I33: 6 | J33: 5 | K33: 8 | L33: - | M33: 8 | N33: 5 | O33: 8 | P33: 8 | Q33: 8 | R33: 8 | S33: 7 | T33: =SUM(E33:S33) -> 88 | U33: - | V33: -
A34: 33 | B34: ZIANA DEWI AISYAH | C34: 2720 | D34: 33 | E34: =TEXT(F34,"[$-2000000]0") -> ٧ | F34: 7 | G34: 6 | H34: 8 | I34: 5 | J34: 4 | K34: 8 | L34: - | M34: 7 | N34: 4 | O34: 7 | P34: 8 | Q34: 8 | R34: 8 | S34: 8 | T34: =SUM(E34:S34) -> 88 | U34: 2 | V34: 1
A35: 34 | B35: ZILDA KHAFYANA SARI MUNAZAH | C35: 2851 | D35: 34 | E35: =TEXT(F35,"[$-2000000]0") -> ٩ | F35: 9 | G35: 7 | H35: 9 | I35: 5 | J35: 7 | K35: 9 | L35: - | M35: 7 | N35: 6 | O35: 7 | P35: 8 | Q35: 8 | R35: 8 | S35: 8 | T35: =SUM(E35:S35) -> 98 | U35: 6 | V35: -
B36: NILAI 'AM | E36: =TEXT(F36,"[$-2000000]0") -> ٢٥٣ | F36: =SUM(F2:F35) -> 253 | G36: =SUM(G2:G35) -> 251 | H36: =SUM(H2:H35) -> 284 | I36: =SUM(I2:I35) -> 207 | J36: =SUM(J2:J35) -> 229 | K36: =SUM(K2:K35) -> 258 | L36: - | M36: =SUM(M2:M35) -> 253 | N36: =SUM(N2:N35) -> 231 | O36: =SUM(O2:O35) -> 256 | P36: =SUM(P2:P35) -> 272 | Q36: =SUM(Q2:Q35) -> 264 | R36: =SUM(R2:R35) -> 276 | S36: =SUM(S2:S35) -> 264 | T36: =SUM(E36:S36) -> 3298 | U36: - | V36: -
U37: - | V37: -
U38: - | V38: -
H40: NILAI 'AM
H41: =E36/D35 -> 7
H42: =G36/D35 -> 7
C43: 2538 | H43: =H36/D35 -> 8
H44: =I36/D35 -> 6
B45: ket. Her ujian | H45: =J36/D35 -> 7
B46: stb kosong | H46: =K36/D35 -> 8
B47: PROBLEMATIC | H47: -
H48: =M36/D35 -> 7
H49: =N36/D35 -> 7
H50: =O36/D35 -> 8
H51: =P36/D35 -> 8
H52: =Q36/D35 -> 8
H53: =R36/D35 -> 8
H54: =S36/D35 -> 8
H55: =SUM(H41:H54) -> 97

Sheet 2 ALIYAH D
A1: No. Tamrin | B1: Nama | C1: No. Stambuk | D1: JML Siswi | E1: تفسير الجلالين | G1: إتمام الدراية | H1: رياض الصالحين | I1: كفاية العوام | J1: فتح المعين | K1: تسهيل الطرقات | L1: مبادئ قواعد الفقهية | M1: عدة الفارض | N1: الفية ابن مالك | O1: بداية الهداية | P1: الخط \ الإملاء | Q1: قراءة الكتب | R1: المحافظة | S1: الأخلاق | T1: جمل أرقام الدرجات الدراسية | U1: بإذن | V1: بغيره
A2: 01 | B2: ABIDAH SYAKIRAH | C2: 2651 | D2: 01 | E2: =TEXT(F2,"[$-2000000]0") -> ٥ | F2: 5 | G2: 8 | H2: 9 | I2: 6 | J2: 8 | K2: 8 | L2: - | M2: 8 | N2: 7 | O2: 7 | P2: 8 | Q2: 8 | R2: 8 | S2: 8 | T2: =SUM(E2:S2) -> 98 | U2: - | V2: 2
A3: 02 | B3: AISA DAFA AZALIA | C3: 2721 | D3: 02 | E3: =TEXT(F3,"[$-2000000]0") -> ٨ | F3: 8 | G3: 9 | H3: 9 | I3: 7 | J3: 8 | K3: 8 | L3: - | M3: 9 | N3: 6 | O3: 8 | P3: 8 | Q3: 8 | R3: 8 | S3: 8 | T3: =SUM(E3:S3) -> 104 | U3: - | V3: -
A4: 03 | B4: ARIFATUL KHUSNA | C4: 2726 | D4: 03 | E4: =TEXT(F4,"[$-2000000]0") -> ٦ | F4: 6 | G4: 6 | H4: 6 | I4: 4 | J4: 6 | K4: 4 | L4: - | M4: 8 | N4: 7 | O4: 6 | P4: 9 | Q4: 8 | R4: 7 | S4: 8 | T4: =SUM(E4:S4) -> 85 | U4: 1 | V4: -
A5: 04 | B5: ATINA MAHSUNAH | C5: 2793 | D5: 04 | E5: =TEXT(F5,"[$-2000000]0") -> ٨ | F5: 8 | G5: 8 | H5: 9 | I5: 9 | J5: 9 | K5: 9 | L5: - | M5: 9 | N5: 9 | O5: 9 | P5: 9 | Q5: 8 | R5: 8 | S5: 8 | T5: =SUM(E5:S5) -> 112 | U5: 5 | V5: -
A6: 05 | B6: DEWI FANIDA CAROLLINA | C6: 2821 | D6: 05 | E6: =TEXT(F6,"[$-2000000]0") -> ٧ | F6: 7 | G6: 7 | H6: 8 | I6: 4 | J6: 5 | K6: 6 | L6: - | M6: 8 | N6: 7 | O6: 7 | P6: 8 | Q6: 7 | R6: 7 | S6: 8 | T6: =SUM(E6:S6) -> 89 | U6: - | V6: -
A7: 06 | B7: DUWI BAKDIYATUL MUALIFAH | C7: 2757 | D7: 06 | E7: =TEXT(F7,"[$-2000000]0") -> ٧ | F7: 7 | G7: 6 | H7: 9 | I7: 4 | J7: 6 | K7: 4 | L7: - | M7: 8 | N7: 5 | O7: 7 | P7: 7 | Q7: 7 | R7: 7 | S7: 8 | T7: =SUM(E7:S7) -> 85 | U7: 4 | V7: 2
A8: 07 | B8: DWYKA FIRDANDHA TUNGGA WIJAYA | C8: 2758 | D8: 07 | E8: =TEXT(F8,"[$-2000000]0") -> ٨ | F8: 8 | G8: 6 | H8: 8 | I8: 5 | J8: 8 | K8: 6 | L8: - | M8: 8 | N8: 8 | O8: 8 | P8: 8 | Q8: 8 | R8: 7 | S8: 8 | T8: =SUM(E8:S8) -> 96 | U8: - | V8: -
A9: 08 | B9: FATIHATU DINIYAH | C9: 2857 | D9: 08 | E9: =TEXT(F9,"[$-2000000]0") -> ٧ | F9: 7 | G9: 8 | H9: 8 | I9: 7 | J9: 7 | K9: 8 | L9: - | M9: 9 | N9: 9 | O9: 7 | P9: 7 | Q9: 8 | R9: 8 | S9: 8 | T9: =SUM(E9:S9) -> 101 | U9: - | V9: -
A10: 09 | B10: GHINA NABILA | C10: 2733 | D10: 09 | E10: =TEXT(F10,"[$-2000000]0") -> ٥ | F10: 5 | G10: 6 | H10: 8 | I10: 5 | J10: 6 | K10: 6 | L10: - | M10: 6 | N10: 5 | O10: 7 | P10: 8 | Q10: 7 | R10: 8 | S10: 8 | T10: =SUM(E10:S10) -> 85 | U10: 1 | V10: -
A11: 10 | B11: ILYA AISYAH ROWI | C11: 2862 | D11: 10 | E11: =TEXT(F11,"[$-2000000]0") -> ٨ | F11: 8 | G11: 7 | H11: 9 | I11: 6 | J11: 7 | K11: 9 | L11: - | M11: 9 | N11: 9 | O11: 9 | P11: 8 | Q11: 8 | R11: 7 | S11: 8 | T11: =SUM(E11:S11) -> 104 | U11: 1 | V11: -
A12: 11 | B12: JINANI FIRDAUSHIYAH | C12: 2763 | D12: 11 | E12: =TEXT(F12,"[$-2000000]0") -> ٨ | F12: 8 | G12: 8 | H12: 7 | I12: 6 | J12: 9 | K12: 8 | L12: - | M12: 7 | N12: 9 | O12: 7 | P12: 8 | Q12: 8 | R12: 8 | S12: 8 | T12: =SUM(E12:S12) -> 101 | U12: 1 | V12: -
A13: 12 | B13: KEYSHA FATIMAH ATHAYAL ILAH | C13: 2764 | D13: 12 | E13: =TEXT(F13,"[$-2000000]0") -> ٦ | F13: 6 | G13: 7 | H13: 8 | I13: 4 | J13: 6 | K13: 5 | L13: - | M13: 4 | N13: 7 | O13: 7 | P13: 8 | Q13: 8 | R13: 8 | S13: 8 | T13: =SUM(E13:S13) -> 86 | U13: - | V13: -
A14: 13 | B14: KHOEROTIN BARIROH | C14: 2865 | D14: 13 | E14: =TEXT(F14,"[$-2000000]0") -> ٤ | F14: 4 | G14: 6 | H14: 7 | I14: 4 | J14: 6 | K14: 6 | L14: - | M14: 8 | N14: 4 | O14: 6 | P14: 8 | Q14: 7 | R14: 7 | S14: 8 | T14: =SUM(E14:S14) -> 81 | U14: - | V14: -
A15: 14 | B15: LUTFI HIDAYATUS SHOLIHAH | C15: 2831 | D15: 14 | E15: =TEXT(F15,"[$-2000000]0") -> ٨ | F15: 8 | G15: 9 | H15: 9 | I15: 9 | J15: 9 | K15: 9 | L15: - | M15: 9 | N15: 9 | O15: 8 | P15: 8 | Q15: 9 | R15: 8 | S15: 8 | T15: =SUM(E15:S15) -> 112 | U15: 1 | V15: -
A16: 15 | B16: MASFIATUL AULIA | C16: 2895 | D16: 15 | E16: =TEXT(F16,"[$-2000000]0") -> ٧ | F16: 7 | G16: 6 | H16: 9 | I16: 7 | J16: 7 | K16: 7 | L16: - | M16: 8 | N16: 7 | O16: 8 | P16: 8 | Q16: 8 | R16: 8 | S16: 8 | T16: =SUM(E16:S16) -> 98 | U16: 1 | V16: -
A17: 16 | B17: NAIL AL AMAL | C17: 2809 | D17: 16 | E17: =TEXT(F17,"[$-2000000]0") -> ٧ | F17: 7 | G17: 4 | H17: 8 | I17: 5 | J17: 5 | K17: 6 | L17: - | M17: 6 | N17: 5 | O17: 6 | P17: 9 | Q17: 8 | R17: 8 | S17: 8 | T17: =SUM(E17:S17) -> 85 | U17: - | V17: -
A18: 17 | B18: NAILA FATHIMAH AZZAHRO | C18: 2665 | D18: 17 | E18: =TEXT(F18,"[$-2000000]0") -> ٩ | F18: 9 | G18: 9 | H18: 9 | I18: 9 | J18: 9 | K18: 9 | L18: - | M18: 9 | N18: 9 | O18: 9 | P18: 9 | Q18: 9 | R18: 8 | S18: 8 | T18: =SUM(E18:S18) -> 115 | U18: 2 | V18: -
A19: 18 | B19: NAILLA SALSABILA FIRDAUSHI | C19: 2666 | D19: 18 | E19: =TEXT(F19,"[$-2000000]0") -> ٦ | F19: 6 | G19: 4 | H19: 8 | I19: 6 | J19: 6 | K19: 4 | L19: - | M19: 8 | N19: 5 | O19: 7 | P19: 8 | Q19: 8 | R19: 8 | S19: 8 | T19: =SUM(E19:S19) -> 86 | U19: 1 | V19: -
A20: 19 | B20: NAYLIZZULFA | C20: 2705 | D20: 19 | E20: =TEXT(F20,"[$-2000000]0") -> ٥ | F20: 5 | G20: 5 | H20: 8 | I20: 4 | J20: 7 | K20: 4 | L20: - | M20: 5 | N20: 4 | O20: 5 | P20: 7 | Q20: 7 | R20: 7 | S20: 8 | T20: =SUM(E20:S20) -> 76 | U20: 1 | V20: -
A21: 20 | B21: NENENG SAYYIDATUN HUMAIROH | C21: 2706 | D21: 20 | E21: =TEXT(F21,"[$-2000000]0") -> ٤ | F21: 4 | G21: 4 | H21: 5 | I21: 4 | J21: 4 | K21: 4 | L21: - | M21: 4 | N21: 4 | O21: 5 | P21: 8 | Q21: 7 | R21: 7 | S21: 8 | T21: =SUM(E21:S21) -> 68 | U21: - | V21: -
A22: 21 | B22: OKTA FADILA | C22: 2708 | D22: 21 | E22: =TEXT(F22,"[$-2000000]0") -> ٧ | F22: 7 | G22: 4 | H22: 8 | I22: 4 | J22: 6 | K22: 7 | L22: - | M22: 5 | N22: 5 | O22: 6 | P22: 8 | Q22: 7 | R22: 7 | S22: 8 | T22: =SUM(E22:S22) -> 82 | U22: 1 | V22: 1
A23: 22 | B23: PUTRI NAJWA AQILA | C23: 2841 | D23: 22 | E23: =TEXT(F23,"[$-2000000]0") -> ٤ | F23: 4 | G23: 4 | H23: 7 | I23: 4 | J23: 5 | K23: 5 | L23: - | M23: 4 | N23: 5 | O23: 5 | P23: 8 | Q23: 8 | R23: 7 | S23: 8 | T23: =SUM(E23:S23) -> 74 | U23: - | V23: -
A24: 23 | B24: PUTRINDA AYU BERLIANI | C24: 2812 | D24: 23 | E24: =TEXT(F24,"[$-2000000]0") -> ٦ | F24: 6 | G24: 4 | H24: 8 | I24: 4 | J24: 7 | K24: 5 | L24: - | M24: 6 | N24: 4 | O24: 8 | P24: 7 | Q24: 7 | R24: 7 | S24: 8 | T24: =SUM(E24:S24) -> 81 | U24: 1 | V24: -
A25: 24 | B25: RAIHANAH | C25: 2672 | D25: 24 | E25: =TEXT(F25,"[$-2000000]0") -> ٩ | F25: 9 | G25: 9 | H25: 9 | I25: 9 | J25: 9 | K25: 9 | L25: - | M25: 9 | N25: 9 | O25: 9 | P25: 8 | Q25: 8 | R25: 8 | S25: 8 | T25: =SUM(E25:S25) -> 113 | U25: - | V25: -
A26: 25 | B26: REVA ARDIANA FADILAH | C26: 2875 | D26: 25 | E26: =TEXT(F26,"[$-2000000]0") -> ٦ | F26: 6 | G26: 7 | H26: 9 | I26: 5 | J26: 6 | K26: 6 | L26: - | M26: 8 | N26: 4 | O26: 7 | P26: 7 | Q26: 8 | R26: 8 | S26: 8 | T26: =SUM(E26:S26) -> 89 | U26: 4 | V26: -
A27: 26 | B27: SA'IDAH FIDDAROINI | C27: 2845 | D27: 26 | E27: =TEXT(F27,"[$-2000000]0") -> ٥ | F27: 5 | G27: 6 | H27: 8 | I27: 5 | J27: 6 | K27: 4 | L27: - | M27: 6 | N27: 6 | O27: 8 | P27: 8 | Q27: 8 | R27: 8 | S27: 8 | T27: =SUM(E27:S27) -> 86 | U27: - | V27: -
A28: 27 | B28: SIFA MA'RIFATUL HASNA | C28: 2782 | D28: 27 | E28: =TEXT(F28,"[$-2000000]0") -> ٩ | F28: 9 | G28: 9 | H28: 9 | I28: 7 | J28: 7 | K28: 7 | L28: - | M28: 6 | N28: 6 | O28: 9 | P28: 9 | Q28: 8 | R28: 8 | S28: 8 | T28: =SUM(E28:S28) -> 102 | U28: 2 | V28: 1
A29: 28 | B29: SITI ASIAH | C29: 2751 | D29: 28 | E29: =TEXT(F29,"[$-2000000]0") -> ٨ | F29: 8 | G29: 5 | H29: 7 | I29: 5 | J29: 4 | K29: 6 | L29: - | M29: 7 | N29: 6 | O29: 7 | P29: 8 | Q29: 8 | R29: 8 | S29: 6 | T29: =SUM(E29:S29) -> 85 | U29: 2 | V29: 12
A30: 29 | B30: SITI ZIRAN NURFATWA | C30: 2907 | D30: 29 | E30: =TEXT(F30,"[$-2000000]0") -> ٩ | F30: 9 | G30: 9 | H30: 7 | I30: 7 | J30: 9 | K30: 8 | L30: - | M30: 8 | N30: 9 | O30: 8 | P30: 7 | Q30: 8 | R30: 8 | S30: 8 | T30: =SUM(E30:S30) -> 105 | U30: 1 | V30: -
A31: 30 | B31: ULFA ZAHROTUL 'ADNA | C31: 2849 | D31: 30 | E31: =TEXT(F31,"[$-2000000]0") -> ٦ | F31: 6 | G31: 7 | H31: 8 | I31: 5 | J31: 6 | K31: 6 | L31: - | M31: 9 | N31: 6 | O31: 7 | P31: 8 | Q31: 7 | R31: 8 | S31: 8 | T31: =SUM(E31:S31) -> 91 | U31: 1 | V31: -
A32: 31 | B32: YULIDA MAHARANI | C32: 2686 | D32: 31 | E32: =TEXT(F32,"[$-2000000]0") -> ٨ | F32: 8 | G32: 8 | H32: 9 | I32: 7 | J32: 9 | K32: 9 | L32: - | M32: 9 | N32: 9 | O32: 5 | P32: 8 | Q32: 8 | R32: 8 | S32: 8 | T32: =SUM(E32:S32) -> 105 | U32: 1 | V32: -
A33: 32 | B33: ZAHARA MAULIDIA SURATMAN PUTRI | C33: 2719 | D33: 32 | E33: =TEXT(F33,"[$-2000000]0") -> ٤ | F33: 4 | G33: 6 | H33: 7 | I33: 4 | J33: 5 | K33: 6 | L33: - | M33: 5 | N33: 7 | O33: 6 | P33: 8 | Q33: 7 | R33: 8 | S33: 8 | T33: =SUM(E33:S33) -> 81 | U33: 2 | V33: -
B34: NILAI 'AM | E34: =TEXT(F34,"[$-2000000]0") -> ٢١٤ | F34: =SUM(F2:F33) -> 214 | G34: =SUM(G2:G33) -> 211 | H34: =SUM(H2:H33) -> 257 | I34: =SUM(I2:I33) -> 181 | J34: =SUM(J2:J33) -> 217 | K34: =SUM(K2:K33) -> 208 | L34: - | M34: =SUM(M2:M33) -> 232 | N34: =SUM(N2:N33) -> 211 | O34: =SUM(O2:O33) -> 228 | P34: =SUM(P2:P33) -> 255 | Q34: =SUM(Q2:Q33) -> 248 | R34: =SUM(R2:R33) -> 245 | S34: =SUM(S2:S33) -> 254
H38: NILAI 'AM
H39: =E34/D33 -> 7
B40: KET: HER2 AN | H40: =G34/D33 -> 7
B41: PROBLEMATIC | H41: =H34/D33 -> 8
H42: =I34/D33 -> 6
H43: =J34/D33 -> 7
H44: =K34/D33 -> 7
H45: -
H46: =M34/D33 -> 7
H47: =N34/D33 -> 7
H48: =O34/D33 -> 7
H49: =P34/D33 -> 8
H50: =Q34/D33 -> 8
H51: =R34/D33 -> 8
H52: =S34/D33 -> 8
H53: =SUM(H39:H52) -> 95

Sheet 2 ALIYAH E
A1: No. Tamrin | B1: Nama | C1: No. Stambuk | D1: JML Siswi | E1: تفسير الجلالين | G1: إتمام الدراية | H1: رياض الصالحين | I1: كفاية العوام | J1: فتح المعين | K1: تسهيل الطرقات | L1: مبادئ قواعد الفقهية | M1: عدة الفارض | N1: الفية ابن مالك | O1: بداية الهداية | P1: الخط \ الإملاء | Q1: قراءة الكتب | R1: المحافظة | S1: الأخلاق | T1: جمل أرقام الدرجات الدراسية | U1: بإذن | V1: بغيره
A2: 01 | B2: DEWI FATMAWATI | C2: 2754 | D2: 01 | E2: =TEXT(F2,"[$-2000000]0") -> ٨ | F2: 8 | G2: 8 | H2: 9 | I2: 5 | J2: 6 | K2: 8 | L2: - | M2: 8 | N2: 8 | O2: 6 | P2: 8 | Q2: 8 | R2: 8 | S2: 8 | T2: =SUM(E2:S2) -> 98 | U2: 7 | V2: -
A3: 02 | B3: DIAH AYU ROSITA | C3: 2755 | D3: 02 | E3: =TEXT(F3,"[$-2000000]0") -> ٩ | F3: 9 | G3: 6 | H3: 8 | I3: 5 | J3: 6 | K3: 7 | L3: - | M3: 9 | N3: 7 | O3: 8 | P3: 8 | Q3: 7 | R3: 8 | S3: 8 | T3: =SUM(E3:S3) -> 96 | U3: - | V3: -
A4: 03 | B4: DITYA KHAILILA KHUSNA | C4: 2823 | D4: 03 | E4: =TEXT(F4,"[$-2000000]0") -> ٩ | F4: 9 | G4: 8 | H4: 7 | I4: 6 | J4: 7 | K4: 6 | L4: - | M4: 9 | N4: 7 | O4: 7 | P4: 8 | Q4: 8 | R4: 8 | S4: 6 | T4: =SUM(E4:S4) -> 96 | U4: 12 | V4: 17
A5: 04 | B5: ELZA ALVIN NUR AMALIA | C5: 2824 | D5: 04 | E5: =TEXT(F5,"[$-2000000]0") -> ٩ | F5: 9 | G5: 8 | H5: 9 | I5: 6 | J5: 6 | K5: 9 | L5: - | M5: 8 | N5: 9 | O5: 8 | P5: 8 | Q5: 8 | R5: 8 | S5: 8 | T5: =SUM(E5:S5) -> 104 | U5: 2 | V5: -
A6: 05 | B6: ENI SUPRIATI NINGSIH | C6: 2825 | D6: 05 | E6: =TEXT(F6,"[$-2000000]0") -> ٥ | F6: 5 | G6: 5 | H6: 6 | I6: 5 | J6: 5 | K6: 5 | L6: - | M6: 5 | N6: 6 | O6: 5 | P6: 8 | Q6: 6 | R6: 7 | S6: 8 | T6: =SUM(E6:S6) -> 76 | U6: - | V6: -
A7: 06 | B7: FATHIMAH AL BATUL | C7: 2826 | D7: 06 | E7: =TEXT(F7,"[$-2000000]0") -> ٧ | F7: 7 | G7: 7 | H7: 8 | I7: 5 | J7: 5 | K7: 5 | L7: - | M7: 5 | N7: 6 | O7: 7 | P7: 8 | Q7: 8 | R7: 8 | S7: 8 | T7: =SUM(E7:S7) -> 87 | U7: 1 | V7: -
A8: 07 | B8: HANUM MASRUROH | C8: 2655 | D8: 07 | E8: =TEXT(F8,"[$-2000000]0") -> ٩ | F8: 9 | G8: 9 | H8: 9 | I8: 8 | J8: 7 | K8: 9 | L8: - | M8: 9 | N8: 9 | O8: 7 | P8: 8 | Q8: 8 | R8: 8 | S8: 8 | T8: =SUM(E8:S8) -> 108 | U8: - | V8: -
A9: 08 | B9: HASUNAH | C9: 2803 | D9: 08 | E9: =TEXT(F9,"[$-2000000]0") -> ٩ | F9: 9 | G9: 7 | H9: 8 | I9: 7 | J9: 9 | K9: 9 | L9: - | M9: 7 | N9: 8 | O9: 7 | P9: 8 | Q9: 8 | R9: 8 | S9: 8 | T9: =SUM(E9:S9) -> 103 | U9: - | V9: -
A10: 09 | B10: JESI LESTARI | C10: 2863 | D10: 09 | E10: =TEXT(F10,"[$-2000000]0") -> ٥ | F10: 5 | G10: 5 | H10: 7 | I10: 5 | J10: 5 | K10: 5 | L10: - | M10: 5 | N10: 5 | O10: 6 | P10: 8 | Q10: 6 | R10: 7 | S10: 8 | T10: =SUM(E10:S10) -> 77 | U10: - | V10: -
A11: 10 | B11: KIFA YATUT TAUBAH | C11: 2807 | D11: 10 | E11: =TEXT(F11,"[$-2000000]0") -> ٩ | F11: 9 | G11: 9 | H11: 9 | I11: 5 | J11: 8 | K11: 7 | L11: - | M11: 9 | N11: 8 | O11: 8 | P11: 8 | Q11: 8 | R11: 8 | S11: 8 | T11: =SUM(E11:S11) -> 104 | U11: 1 | V11: -
A12: 12 | B12: LUTFIA AZZAHRA | C12: 2869 | D12: 11 | E12: =TEXT(F12,"[$-2000000]0") -> ٧ | F12: 7 | G12: 9 | H12: 8 | I12: 6 | J12: 6 | K12: 8 | L12: - | M12: 9 | N12: 7 | O12: 7 | P12: 8 | Q12: 7 | R12: 8 | S12: 8 | T12: =SUM(E12:S12) -> 98 | U12: - | V12: -
A13: 13 | B13: MACHYA MAMLUATUL 'AZA | C13: 2738 | D13: 12 | E13: =TEXT(F13,"[$-2000000]0") -> ٨ | F13: 8 | G13: 9 | H13: 9 | I13: 8 | J13: 8 | K13: 9 | L13: - | M13: 9 | N13: 9 | O13: 9 | P13: 8 | Q13: 8 | R13: 8 | S13: 8 | T13: =SUM(E13:S13) -> 110 | U13: - | V13: -
A14: 14 | B14: MARYAM | C14: 2832 | D14: 13 | E14: =TEXT(F14,"[$-2000000]0") -> ٩ | F14: 9 | G14: 9 | H14: 9 | I14: 9 | J14: 9 | K14: 9 | L14: - | M14: 9 | N14: 9 | O14: 9 | P14: 8 | Q14: 9 | R14: 8 | S14: 8 | T14: =SUM(E14:S14) -> 114 | U14: - | V14: -
A15: 15 | B15: MAULA SAIDAH AYYAMI | C15: 2768 | D15: 14 | E15: =TEXT(F15,"[$-2000000]0") -> ٥ | F15: 5 | G15: 6 | H15: 8 | I15: 5 | J15: 5 | K15: 5 | L15: - | M15: 5 | N15: 5 | O15: 6 | P15: 8 | Q15: 7 | R15: 8 | S15: 7 | T15: =SUM(E15:S15) -> 80 | U15: - | V15: -
A16: 16 | B16: MU'MINATUL AZIZAH | C16: 2897 | D16: 15 | E16: =TEXT(F16,"[$-2000000]0") -> ٦ | F16: 6 | G16: 5 | H16: 8 | I16: 5 | J16: 5 | K16: 5 | L16: - | M16: 5 | N16: 5 | O16: 6 | P16: 9 | Q16: 7 | R16: 8 | S16: 8 | T16: =SUM(E16:S16) -> 82 | U16: - | V16: -
A17: 17 | B17: NAFISA NAJWA FIMA FILLAH | C17: 2741 | D17: 16 | E17: =TEXT(F17,"[$-2000000]0") -> ٩ | F17: 9 | G17: 9 | H17: 9 | I17: 9 | J17: 8 | K17: 9 | L17: - | M17: 9 | N17: 9 | O17: 8 | P17: 9 | Q17: 9 | R17: 8 | S17: 8 | T17: =SUM(E17:S17) -> 113 | U17: 1 | V17: -
A18: 18 | B18: NAILA ALFA FAUZA | C18: 2898 | D18: 17 | E18: =TEXT(F18,"[$-2000000]0") -> ٨ | F18: 8 | G18: 8 | H18: 9 | I18: 6 | J18: 5 | K18: 6 | L18: - | M18: 9 | N18: 7 | O18: 5 | P18: 8 | Q18: 8 | R18: 8 | S18: 8 | T18: =SUM(E18:S18) -> 95 | U18: - | V18: -
A19: 19 | B19: NAJUA ZASKIA | C19: 2835 | D19: 18 | E19: =TEXT(F19,"[$-2000000]0") -> ٧ | F19: 7 | G19: 9 | H19: 8 | I19: 9 | J19: 6 | K19: 9 | L19: - | M19: 8 | N19: 9 | O19: 8 | P19: 8 | Q19: 8 | R19: 8 | S19: 8 | T19: =SUM(E19:S19) -> 105 | U19: 1 | V19: -
A20: 20 | B20: NIDA QOTHRUNNADA | C20: 2774 | D20: 19 | E20: =TEXT(F20,"[$-2000000]0") -> ٩ | F20: 9 | G20: 9 | H20: 9 | I20: 9 | J20: 9 | K20: 9 | L20: - | M20: 9 | N20: 9 | O20: 7 | P20: 8 | Q20: 8 | R20: 8 | S20: 8 | T20: =SUM(E20:S20) -> 111 | U20: 1 | V20: -
A21: 21 | B21: NUR WARDAH FAUZIYAH | C21: 2745 | D21: 20 | E21: =TEXT(F21,"[$-2000000]0") -> ٩ | F21: 9 | G21: 9 | H21: 9 | I21: 7 | J21: 8 | K21: 9 | L21: - | M21: 9 | N21: 9 | O21: 8 | P21: 8 | Q21: 9 | R21: 8 | S21: 8 | T21: =SUM(E21:S21) -> 110 | U21: - | V21: -
A22: 22 | B22: NURINDRA HANUM RAMADHANI | C22: 2839 | D22: 21 | E22: =TEXT(F22,"[$-2000000]0") -> ٥ | F22: 5 | G22: 6 | H22: 9 | I22: 5 | J22: 5 | K22: 5 | L22: - | M22: 8 | N22: 5 | O22: 7 | P22: 8 | Q22: 7 | R22: 8 | S22: 7 | T22: =SUM(E22:S22) -> 85 | U22: 2 | V22: 3
A23: 23 | B23: QUMI LAILATAZ ZULFA | C23: 2777 | D23: 22 | E23: =TEXT(F23,"[$-2000000]0") -> ٧ | F23: 7 | G23: 9 | H23: 9 | I23: 8 | J23: 7 | K23: 9 | L23: - | M23: 7 | N23: 9 | O23: 8 | P23: 8 | Q23: 8 | R23: 8 | S23: 8 | T23: =SUM(E23:S23) -> 105 | U23: 1 | V23: -
A24: 24 | B24: QURROTA A'YUN | C24: 2778 | D24: 23 | E24: =TEXT(F24,"[$-2000000]0") -> ٦ | F24: 6 | G24: 5 | H24: 8 | I24: 5 | J24: 5 | K24: 5 | L24: - | M24: 5 | N24: 5 | O24: 5 | P24: 8 | Q24: 7 | R24: 8 | S24: 8 | T24: =SUM(E24:S24) -> 80 | U24: - | V24: 2
A25: 25 | B25: RIFDA ISMATUL AZIZAH | C25: 2813 | D25: 24 | E25: =TEXT(F25,"[$-2000000]0") -> ٦ | F25: 6 | G25: 8 | H25: 7 | I25: 5 | J25: 7 | K25: 5 | L25: - | M25: 5 | N25: 6 | O25: 5 | P25: 8 | Q25: 6 | R25: 8 | S25: 8 | T25: =SUM(E25:S25) -> 84 | U25: - | V25: -
A26: 26 | B26: RIZQI DAIMATUL KHUSNA | C26: 2915 | D26: 25 | E26: =TEXT(F26,"[$-2000000]0") -> ٦ | F26: 6 | G26: 5 | H26: 7 | I26: 7 | J26: 5 | K26: 5 | L26: - | M26: 5 | N26: 5 | O26: 5 | P26: 8 | Q26: 6 | R26: 7 | S26: 8 | T26: =SUM(E26:S26) -> 79 | U26: 2 | V26: 2
A27: 27 | B27: ROFIQOH ANISA ZAHRA | C27: 2781 | D27: 26 | E27: =TEXT(F27,"[$-2000000]0") -> ٩ | F27: 9 | G27: 8 | H27: 9 | I27: 8 | J27: 7 | K27: 8 | L27: - | M27: 9 | N27: 8 | O27: 8 | P27: 8 | Q27: 8 | R27: 8 | S27: 8 | T27: =SUM(E27:S27) -> 106 | U27: - | V27: 1
A28: 28 | B28: SAFIRA SALSABILA | C28: 2877 | D28: 27 | E28: =TEXT(F28,"[$-2000000]0") -> ٦ | F28: 6 | G28: 5 | H28: 7 | I28: 6 | J28: 5 | K28: 6 | L28: - | M28: 8 | N28: 7 | O28: 7 | P28: 8 | Q28: 7 | R28: 8 | S28: 8 | T28: =SUM(E28:S28) -> 88 | U28: 2 | V28: -
A29: 29 | B29: SHOFIYATUL MUHSINAH | C29: 2710 | D29: 28 | E29: =TEXT(F29,"[$-2000000]0") -> ٥ | F29: 5 | G29: 7 | H29: 8 | I29: 6 | J29: 6 | K29: 7 | L29: - | M29: 5 | N29: 8 | O29: 6 | P29: 8 | Q29: 8 | R29: 8 | S29: 8 | T29: =SUM(E29:S29) -> 90 | U29: - | V29: -
A30: 30 | B30: TAQIATUL ALIYAH | C30: 2712 | D30: 29 | E30: =TEXT(F30,"[$-2000000]0") -> ٥ | F30: 5 | G30: 5 | H30: 6 | I30: 5 | J30: 5 | K30: 5 | L30: - | M30: 5 | N30: 5 | O30: 5 | P30: 8 | Q30: 6 | R30: 7 | S30: 8 | T30: =SUM(E30:S30) -> 75 | U30: - | V30: -
A31: 31 | B31: TSUAIBATUL ASLAMIYAH | C31: 2785 | D31: 30 | E31: =TEXT(F31,"[$-2000000]0") -> ٦ | F31: 6 | G31: 5 | H31: 8 | I31: 5 | J31: 5 | K31: 5 | L31: - | M31: 6 | N31: 5 | O31: 5 | P31: 8 | Q31: 7 | R31: 7 | S31: 7 | T31: =SUM(E31:S31) -> 79 | U31: - | V31: -
A32: 32 | B32: TSUROYYAH | C32: 2683 | D32: 31 | E32: =TEXT(F32,"[$-2000000]0") -> ٧ | F32: 7 | G32: 7 | H32: 8 | I32: 4 | J32: 5 | K32: 7 | L32: - | M32: 6 | N32: 4 | O32: 6 | P32: 8 | Q32: 8 | R32: 8 | S32: 7 | T32: =SUM(E32:S32) -> 85 | U32: 1 | V32: -
B33: NILAI 'AM | E33: =TEXT(F33,"[$-2000000]0") -> ٢٢٤ | F33: =SUM(F2:F32) -> 224 | G33: =SUM(G2:G32) -> 224 | H33: =SUM(H2:H32) -> 252 | I33: =SUM(I2:I32) -> 194 | J33: =SUM(J2:J32) -> 195 | K33: =SUM(K2:K32) -> 215 | L33: =SUM(L2:L32) -> 0 | M33: =SUM(M2:M32) -> 224 | ... S33: =SUM(S2:S32) -> 242 | U33: - | V33: -
U34: - | V34: -
U35: - | V35: -
H37: NILAI 'AM
H38: =E33/D32 -> 7
H39: =G33/D32 -> 7 | K39: nilai akhlaq turun 3 karna tidak izin 17
H40: =H33/D32 -> 8
H41: =I33/D32 -> 6
H42: =J33/D32 -> 6
H43: =K33/D32 -> 7
H44: -
H45: =M33/D32 -> 7
H46: =N33/D32 -> 7
H47: =O33/D32 -> 7
H48: =P33/D32 -> 8
H49: =Q33/D32 -> 8
H50: =R33/D32 -> 8
H51: =S33/D32 -> 8
H52: =SUM(H38:H51) -> 94

Sheet 2 ALIYAH F
A1: No. Tamrin | B1: Nama | C1: No. Stambuk | D1: JML Siswi | E1: تفسير الجلالين | G1: إتمام الدراية | H1: رياض الصالحين | I1: كفاية العوام | J1: فتح المعين | K1: تسهيل الطرقات | L1: مبادئ قواعد الفقهية | M1: عدة الفارض | N1: الفية ابن مالك | O1: بداية الهداية | P1: الخط \ الإملاء | Q1: قراءة الكتب | R1: المحافظة | S1: الأخلاق | T1: جمل أرقام الدرجات الدراسية | U1: بإذن | V1: بغيره
A2: 01 | B2: ALIYAH MIFTAHUL ULUM | C2: 2723 | D2: 01 | E2: =TEXT(F2,"[$-2000000]0") -> ٨ | F2: 8 | G2: 9 | H2: 8 | I2: 7 | J2: 7 | K2: 9 | L2: - | M2: 8 | N2: 7 | O2: 9 | P2: 8 | Q2: 7 | R2: 8 | S2: 8 | T2: =SUM(E2:S2) -> 103 | U2: 1 | V2: -
A3: 02 | B3: AMNA VADILLA | C3: 2819 | D3: 02 | E3: =TEXT(F3,"[$-2000000]0") -> ٧ | F3: 7 | G3: 8 | H3: 9 | I3: 6 | J3: 7 | K3: 8 | L3: - | M3: 9 | N3: 8 | O3: 9 | P3: 8 | Q3: 8 | R3: 8 | S3: 8 | T3: =SUM(E3:S3) -> 103 | U3: - | V3: -
A4: 03 | B4: AULA ZIANA ABIDAH | C4: 2887 | D4: 03 | E4: =TEXT(F4,"[$-2000000]0") -> ٩ | F4: 9 | G4: 9 | H4: 9 | I4: 9 | J4: 8 | K4: 9 | L4: - | M4: 9 | N4: 9 | O4: 9 | P4: 8 | Q4: 8 | R4: 8 | S4: 8 | T4: =SUM(E4:S4) -> 112 | U4: 2 | V4: -
A5: 04 | B5: AZIZAH ISTIKHOMAH | C5: 2795 | D5: 04 | E5: =TEXT(F5,"[$-2000000]0") -> ٧ | F5: 7 | G5: 6 | H5: 7 | I5: 5 | J5: 7 | K5: 5 | L5: - | M5: 9 | N5: 7 | O5: 6 | P5: 7 | Q5: 7 | R5: 7 | S5: 8 | T5: =SUM(E5:S5) -> 88 | U5: - | V5: 1
A6: 05 | B6: AZKA AZKIA | C6: 2853 | D6: 05 | E6: =TEXT(F6,"[$-2000000]0") -> ٩ | F6: 9 | G6: 9 | H6: 9 | I6: 9 | J6: 9 | K6: 9 | L6: - | M6: 8 | N6: 9 | O6: 9 | P6: 8 | Q6: 8 | R6: 8 | S6: 8 | T6: =SUM(E6:S6) -> 112 | U6: - | V6: -
A7: 06 | B7: BIKI ETHMANNA QOLBY | C7: 2820 | D7: 06 | E7: =TEXT(F7,"[$-2000000]0") -> ٩ | F7: 9 | G7: 9 | H7: 9 | I7: 9 | J7: 9 | K7: 9 | L7: - | M7: 9 | N7: 9 | O7: 8 | P7: 8 | Q7: 8 | R7: 8 | S7: 8 | T7: =SUM(E7:S7) -> 112 | U7: 7 | V7: -
A8: 07 | B8: CHASYIFA ANNUKHBA | C8: 2797 | D8: 07 | E8: =TEXT(F8,"[$-2000000]0") -> ٦ | F8: 6 | G8: 8 | H8: 8 | I8: 8 | J8: 7 | K8: 7 | L8: - | M8: 8 | N8: 7 | O8: 7 | P8: 8 | Q8: 8 | R8: 8 | S8: 8 | T8: =SUM(E8:S8) -> 98 | U8: 1 | V8: -
A9: 08 | B9: DINDA ANISATUL MUBAYYINAH | C9: 2756 | D9: 08 | E9: =TEXT(F9,"[$-2000000]0") -> ٨ | F9: 8 | G9: 8 | H9: 9 | I9: 8 | J9: 8 | K9: 6 | L9: - | M9: 6 | N9: 5 | O9: 9 | P9: 8 | Q9: 7 | R9: 8 | S9: 8 | T9: =SUM(E9:S9) -> 98 | U9: - | V9: -
A10: 09 | B10: FADHILA KHASANAH | C10: 2856 | D10: 09 | E10: =TEXT(F10,"[$-2000000]0") -> ٥ | F10: 5 | G10: 5 | H10: 6 | I10: 5 | J10: 5 | K10: 5 | L10: - | M10: 5 | N10: 5 | O10: 5 | P10: 7 | Q10: 7 | R10: 7 | S10: 8 | T10: =SUM(E10:S10) -> 75 | U10: - | V10: -
A11: 10 | B11: FATIMAH AZZAHRO | C11: 2858 | D11: 10 | E11: =TEXT(F11,"[$-2000000]0") -> ٩ | F11: 9 | G11: 9 | H11: 9 | I11: 9 | J11: 9 | K11: 9 | L11: - | M11: 9 | N11: 9 | O11: 9 | P11: 8 | Q11: 8 | R11: 8 | S11: 8 | T11: =SUM(E11:S11) -> 113 | U11: - | V11: -
A12: 11 | B12: ISMA FATIYAH | C12: 2829 | D12: 11 | E12: =TEXT(F12,"[$-2000000]0") -> ٧ | F12: 7 | G12: 6 | H12: 8 | I12: 5 | J12: 5 | K12: 5 | L12: - | M12: 7 | N12: 5 | O12: 6 | P12: 7 | Q12: 7 | R12: 7 | S12: 8 | T12: =SUM(E12:S12) -> 83 | U12: 3 | V12: 2
A13: 12 | B13: LISSARI NABILLA | C13: 2893 | D13: 12 | E13: =TEXT(F13,"[$-2000000]0") -> ٨ | F13: 8 | G13: 8 | H13: 7 | I13: 9 | J13: 7 | K13: 9 | L13: - | M13: 5 | N13: 7 | O13: 9 | P13: 8 | Q13: 8 | R13: 8 | S13: 8 | T13: =SUM(E13:S13) -> 101 | U13: - | V13: 1
A14: 13 | B14: LU'LUIL HILDA MUNAYYA | C14: 2868 | D14: 13 | E14: =TEXT(F14,"[$-2000000]0") -> ٦ | F14: 6 | G14: 7 | H14: 6 | I14: 6 | J14: 6 | K14: 6 | L14: - | M14: 9 | N14: 7 | O14: 6 | P14: 8 | Q14: 7 | R14: 8 | S14: 8 | T14: =SUM(E14:S14) -> 90 | U14: - | V14: -
A15: 14 | B15: LUBNA MISKA SHOLIHAH | C15: 2658 | D15: 14 | E15: =TEXT(F15,"[$-2000000]0") -> ٩ | F15: 9 | G15: 9 | H15: 9 | I15: 9 | J15: 9 | K15: 9 | L15: - | M15: 9 | N15: 9 | O15: 9 | P15: 8 | Q15: 8 | R15: 8 | S15: 8 | T15: =SUM(E15:S15) -> 113 | U15: 1 | V15: -
A16: 15 | B16: MADINATUL MUKARROMAH | C16: 2737 | D16: 15 | E16: =TEXT(F16,"[$-2000000]0") -> ٧ | F16: 7 | G16: 8 | H16: 9 | I16: 9 | J16: 8 | K16: 9 | L16: - | M16: 7 | N16: 9 | O16: 7 | P16: 8 | Q16: 8 | R16: 8 | S16: 8 | T16: =SUM(E16:S16) -> 105 | U16: 7 | V16: -
A17: 17 | B17: MAULIDIA TASYA RAFIKA | C17: ='[1]1 ALIYAH D'!C17:E52 -> 2768 | D17: 16 | E17: =TEXT(F17,"[$-2000000]0") -> ٦ | F17: 6 | G17: 5 | H17: 8 | I17: 5 | J17: 7 | K17: 5 | L17: - | M17: 5 | N17: 5 | O17: 6 | P17: 7 | Q17: 7 | R17: 8 | S17: 8 | T17: =SUM(E17:S17) -> 82 | U17: 1 | V17: 5
A18: 18 | B18: MILADIATUS SA'ADAH | C18: 2739 | D18: 17 | E18: =TEXT(F18,"[$-2000000]0") -> ٩ | F18: 9 | G18: 9 | H18: 9 | I18: 7 | J18: 7 | K18: 6 | L18: - | M18: 8 | N18: 6 | O18: 8 | P18: 8 | Q18: 8 | R18: 8 | S18: 8 | T18: =SUM(E18:S18) -> 101 | U18: - | V18: -
A19: 19 | B19: MUTIARA NUR AZIZAH | C19: 2662 | D19: 18 | E19: =TEXT(F19,"[$-2000000]0") -> ٩ | F19: 9 | G19: 7 | H19: 9 | I19: 7 | J19: 8 | K19: 9 | L19: - | M19: 9 | N19: 7 | O19: 6 | P19: 8 | Q19: 7 | R19: 8 | S19: 8 | T19: =SUM(E19:S19) -> 102 | U19: 1 | V19: -
A20: 20 | B20: NAILIL FITROH | C20: 2899 | D20: 19 | E20: =TEXT(F20,"[$-2000000]0") -> ٦ | F20: 6 | G20: 5 | H20: 7 | I20: 5 | J20: 8 | K20: 7 | L20: - | M20: 6 | N20: 5 | O20: 7 | P20: 8 | Q20: 7 | R20: 8 | S20: 8 | T20: =SUM(E20:S20) -> 87 | U20: 1 | V20: -
A21: 21 | B21: NOOR FATHIA WARDANIA | C21: 2743 | D21: 20 | E21: =TEXT(F21,"[$-2000000]0") -> ٩ | F21: 9 | G21: 9 | H21: 9 | I21: 9 | J21: 9 | K21: 9 | L21: - | M21: 9 | N21: 9 | O21: 9 | P21: 8 | Q21: 8 | R21: 8 | S21: 8 | T21: =SUM(E21:S21) -> 113 | U21: - | V21: -
A22: 22 | B22: NUR LAILATUL MAFRISKA | C22: 2775 | D22: 21 | E22: =TEXT(F22,"[$-2000000]0") -> ٨ | F22: 8 | G22: 7 | H22: 9 | I22: 8 | J22: 8 | K22: 7 | L22: - | M22: 7 | N22: 8 | O22: 7 | P22: 8 | Q22: 7 | R22: 7 | S22: 8 | T22: =SUM(E22:S22) -> 99 | U22: - | V22: -
A23: 23 | B23: RIMA IZZULMILA | C23: 2876 | D23: 22 | E23: =TEXT(F23,"[$-2000000]0") -> ٨ | F23: 8 | G23: 9 | H23: 9 | I23: 9 | J23: 8 | K23: 9 | L23: - | M23: 9 | N23: 6 | O23: 9 | P23: 8 | Q23: 8 | R23: 8 | S23: 8 | T23: =SUM(E23:S23) -> 108 | U23: 1 | V23: -
A24: 24 | B24: RIRA ADELIA SAPUTRI | C24: 2814 | D24: 23 | E24: =TEXT(F24,"[$-2000000]0") -> ٧ | F24: 7 | G24: 8 | H24: 7 | I24: 6 | J24: 5 | K24: 6 | L24: - | M24: 5 | N24: 6 | O24: 7 | P24: 8 | Q24: 7 | R24: 7 | S24: 8 | T24: =SUM(E24:S24) -> 87 | U24: 1 | V24: 1
A25: 25 | B25: ROUDLOTUL FIRDAUSIL HUSNA | C25: 2747 | D25: 24 | E25: =TEXT(F25,"[$-2000000]0") -> ٧ | F25: 7 | G25: 9 | H25: 9 | I25: 9 | J25: 7 | K25: 8 | L25: - | M25: 7 | N25: 5 | O25: 7 | P25: 7 | Q25: 7 | R25: 7 | S25: 8 | T25: =SUM(E25:S25) -> 97 | U25: - | V25: 1
A26: 26 | B26: SALMA NUR JANNAH | C26: 2749 | D26: 25 | E26: =TEXT(F26,"[$-2000000]0") -> ٥ | F26: 5 | G26: 5 | H26: 8 | I26: 7 | J26: 6 | K26: 5 | L26: - | M26: 7 | N26: 5 | O26: 6 | P26: 8 | Q26: 7 | R26: 8 | S26: 8 | T26: =SUM(E26:S26) -> 85 | U26: 1 | V26: -
A27: 27 | B27: SHERLINA CAHYA NINGRUM | C27: 2879 | D27: 26 | E27: =TEXT(F27,"[$-2000000]0") -> ٩ | F27: 9 | G27: 9 | H27: 9 | I27: 8 | J27: 9 | K27: 9 | L27: - | M27: 8 | N27: 9 | O27: 9 | P27: 8 | Q27: 8 | R27: 8 | S27: 8 | T27: =SUM(E27:S27) -> 111 | U27: 6 | V27: -
A28: 28 | B28: SITI MALIKATUROHMAH | C28: 2906 | D28: 27 | E28: =TEXT(F28,"[$-2000000]0") -> ٨ | F28: 8 | G28: 6 | H28: 9 | I28: 6 | J28: 6 | K28: 5 | L28: - | M28: 5 | N28: 5 | O28: 7 | P28: 7 | Q28: 7 | R28: 8 | S28: 8 | T28: =SUM(E28:S28) -> 87 | U28: - | V28: -
A29: 29 | B29: SURINAH | C29: 2784 | D29: 28 | E29: =TEXT(F29,"[$-2000000]0") -> ٧ | F29: 7 | G29: 8 | H29: 8 | I29: 7 | J29: 6 | K29: 6 | L29: - | M29: 7 | N29: 6 | O29: 8 | P29: 8 | Q29: 7 | R29: 7 | S29: 7 | T29: =SUM(E29:S29) -> 92 | U29: 2 | V29: -
A30: 30 | B30: SYAKIRA GHINA FALIHA | C30: 2711 | D30: 29 | E30: =TEXT(F30,"[$-2000000]0") -> ٩ | F30: 9 | G30: 9 | H30: 9 | I30: 8 | J30: 8 | K30: 8 | L30: - | M30: 8 | N30: 9 | O30: 5 | P30: 8 | Q30: 7 | R30: 8 | S30: 8 | T30: =SUM(E30:S30) -> 104 | U30: - | V30: -
A31: 31 | B31: ZAHRO' NAILUL ULYA | C31: 2883 | D31: 30 | E31: =TEXT(F31,"[$-2000000]0") -> ٩ | F31: 9 | G31: 8 | H31: 9 | I31: 9 | J31: 9 | K31: 8 | L31: - | M31: 8 | N31: 9 | O31: 9 | P31: 8 | Q31: 8 | R31: 8 | S31: 8 | T31: =SUM(E31:S31) -> 110 | U31: - | V31: -
A32: 32 | B32: ZULFA HAFIFAH | C32: 2914 | D32: 31 | E32: =TEXT(F32,"[$-2000000]0") -> ٩ | F32: 9 | G32: 8 | H32: 9 | I32: 9 | J32: 8 | K32: 9 | L32: - | M32: 7 | N32: 7 | O32: 9 | P32: 8 | Q32: 8 | R32: 8 | S32: 8 | T32: =SUM(E32:S32) -> 107 | U32: - | V32: -
B33: NILAI 'AM | E33: =TEXT(F33,"[$-2000000]0") -> ٢٣٩ | F33: =SUM(F2:F32) -> 239 | G33: =SUM(G2:G32) -> 239 | H33: =SUM(H2:H32) -> 259 | I33: =SUM(I2:I32) -> 232 | J33: =SUM(J2:J32) -> 230 | K33: =SUM(K2:K32) -> 230 | L33: - | M33: =SUM(M2:M32) -> 232 | N33: =SUM(N2:N32) -> 219 | O33: =SUM(O2:O32) -> 236 | P33: =SUM(P2:P32) -> 242 | Q33: =SUM(Q2:Q32) -> 232 | R33: =SUM(R2:R32) -> 241 | S33: =SUM(S2:S32) -> 247 | U33: - | V33: -
U34: - | V34: -
V35: -
H37: NILAI 'AM
H38: =E33/D32 -> 8
H39: =G33/D32 -> 8
H40: =H33/D32 -> 8
H41: =I33/D32 -> 7
H42: =J33/D32 -> 7
H43: =K33/D32 -> 7
H44: -
H45: =M33/D32 -> 7
H46: =N33/D32 -> 7
H47: =O33/D32 -> 8
H48: =P33/D32 -> 8
H49: =Q33/D32 -> 7
H50: =R33/D32 -> 8
H51: =S33/D32 -> 8
H52: =SUM(H38:H51) -> 98

Sheet 2 ALIYAH G
A1: No. Tamrin | B1: Nama | C1: No. Stambuk | D1: JML Siswi | E1: تفسير الجلالين | G1: إتمام الدراية | H1: رياض الصالحين | I1: كفاية العوام | J1: فتح المعين | K1: تسهيل الطرقات | L1: مبادئ قواعد الفقهية | M1: عدة الفارض | N1: الفية ابن مالك | O1: بداية الهداية | P1: الخط \ الإملاء | Q1: قراءة الكتب | R1: المحافظة | S1: الأخلاق | T1: جمل أرقام الدرجات الدراسية | U1: بإذن | V1: بغيره
A2: 01 | B2: AISYATUL FIRDAUSY | C2: 2789 | D2: 01 | E2: =TEXT(F2,"[$-2000000]0") -> ٩ | F2: 9 | G2: 9 | H2: 9 | I2: 7 | J2: 9 | K2: 9 | L2: - | M2: 7 | N2: 9 | O2: 7 | P2: 9 | Q2: 9 | R2: 8 | S2: 8 | T2: =SUM(E2:S2) -> 109 | U2: 1 | V2: -
A3: 02 | B3: ALFA PUTRI AZZAHRA | C3: 2790 | D3: 02 | E3: =TEXT(F3,"[$-2000000]0") -> ٩ | F3: 9 | G3: 9 | H3: 9 | I3: 9 | J3: 9 | K3: 9 | L3: - | M3: 6 | N3: 9 | O3: 9 | P3: 7 | Q3: 8 | R3: 8 | S3: 8 | T3: =SUM(E3:S3) -> 109 | U3: - | V3: -
A4: 03 | B4: AMALIA NADLILAH | C4: 2724 | D4: 03 | E4: =TEXT(F4,"[$-2000000]0") -> ٨ | F4: 8 | G4: 5 | H4: 7 | I4: 7 | J4: 6 | K4: 7 | L4: - | M4: 6 | N4: 7 | O4: 5 | P4: 8 | Q4: 7 | R4: 7 | S4: 8 | T4: =SUM(E4:S4) -> 88 | U4: 1 | V4: -
A5: 04 | B5: ANNISA 'ULFATUN NAHDIYAH | C5: 2688 | D5: 04 | E5: =TEXT(F5,"[$-2000000]0") -> ٨ | F5: 8 | G5: 8 | H5: 8 | I5: 8 | J5: 6 | K5: 8 | L5: - | M5: 9 | N5: 8 | O5: 8 | P5: 8 | Q5: 8 | R5: 8 | S5: 8 | T5: =SUM(E5:S5) -> 103 | U5: 4 | V5: 5
A6: 05 | B6: ANNISA NIDAUL HUSNA | C6: 2886 | D6: 05 | E6: =TEXT(F6,"[$-2000000]0") -> ٦ | F6: 6 | G6: 5 | H6: 8 | I6: 4 | J6: 4 | K6: 5 | L6: - | M6: 7 | N6: 6 | O6: 5 | P6: 7 | Q6: 7 | R6: 7 | S6: 8 | T6: =SUM(E6:S6) -> 79 | U6: - | V6: -
A7: 07 | B7: AULIA NAFAIDA | C7: 2794 | D7: 06 | E7: =TEXT(F7,"[$-2000000]0") -> ٩ | F7: 9 | G7: 9 | H7: 9 | I7: 9 | J7: 9 | K7: 9 | L7: - | M7: 9 | N7: 9 | O7: 9 | P7: 9 | Q7: 8 | R7: 8 | S7: 8 | T7: =SUM(E7:S7) -> 114 | U7: - | V7: -
A8: 08 | B8: DARISSALMA | C8: 2753 | D8: 07 | E8: =TEXT(F8,"[$-2000000]0") -> ٨ | F8: 8 | G8: 7 | H8: 4 | I8: 8 | J8: 5 | K8: 9 | L8: - | M8: 5 | N8: 7 | O8: 8 | P8: 8 | Q8: 7 | R8: 7 | S8: 8 | T8: =SUM(E8:S8) -> 91 | U8: - | V8: -
A9: 10 | B9: DEWI NAYLA AZIZATUR ROHMAH | C9: 2798 | D9: 08 | E9: =TEXT(F9,"[$-2000000]0") -> ٩ | F9: 9 | G9: 9 | H9: 9 | I9: 9 | J9: 9 | K9: 9 | L9: - | M9: 9 | N9: 9 | O9: 6 | P9: 8 | Q9: 8 | R9: 7 | S9: 8 | T9: =SUM(E9:S9) -> 109 | U9: - | V9: -
A10: 11 | B10: DWI TRI MULYANI | C10: 2801 | D10: 09 | E10: =TEXT(F10,"[$-2000000]0") -> ٩ | F10: 9 | G10: 4 | H10: 8 | I10: 7 | J10: 6 | K10: 7 | L10: - | M10: 5 | N10: 4 | O10: 8 | P10: 8 | Q10: 7 | R10: 7 | S10: 8 | T10: =SUM(E10:S10) -> 88 | U10: - | V10: -
A11: 12 | B11: GHINAYA AFANI KHOLIDIA | C11: 2860 | D11: 10 | E11: =TEXT(F11,"[$-2000000]0") -> ٩ | F11: 9 | G11: 9 | H11: 9 | I11: 9 | J11: 9 | K11: 9 | L11: - | M11: 9 | N11: 9 | O11: 9 | P11: 9 | Q11: 9 | R11: 9 | S11: 8 | T11: =SUM(E11:S11) -> 116 | U11: 3 | V11: -
A12: 13 | B12: KAMALA SAFIRUL ARWA | C12: 2696 | D12: 11 | E12: =TEXT(F12,"[$-2000000]0") -> ٩ | F12: 9 | G12: 9 | H12: 9 | I12: 7 | J12: 4 | K12: 9 | L12: - | M12: 6 | N12: 8 | O12: 8 | P12: 8 | Q12: 7 | R12: 8 | S12: 8 | T12: =SUM(E12:S12) -> 100 | U12: - | V12: -
A13: 14 | B13: KHASNA NILNAL MUNA THOHA PUTRI | C13: 2864 | D13: 12 | E13: =TEXT(F13,"[$-2000000]0") -> ٩ | F13: 9 | G13: 9 | H13: 9 | I13: 9 | J13: 9 | K13: 9 | L13: - | M13: 9 | N13: 9 | O13: 9 | P13: 9 | Q13: 9 | R13: 8 | S13: 8 | T13: =SUM(E13:S13) -> 115 | U13: 1 | V13: -
A14: 15 | B14: KURNIA DWITA HAPSARI | C14: 2830 | D14: 13 | E14: =TEXT(F14,"[$-2000000]0") -> ٨ | F14: 8 | G14: 8 | H14: 7 | I14: 6 | J14: 4 | K14: 7 | L14: - | M14: 6 | N14: 4 | O14: 7 | P14: 7 | Q14: 8 | R14: 8 | S14: 8 | T14: =SUM(E14:S14) -> 88 | U14: 2 | V14: -
A15: 16 | B15: LU'LUATUL AZIZAH | C15: 2659 | D15: 14 | E15: =TEXT(F15,"[$-2000000]0") -> ٦ | F15: 6 | G15: 7 | H15: 8 | I15: 5 | J15: 7 | K15: 7 | L15: - | M15: 8 | N15: 5 | O15: 8 | P15: 7 | Q15: 7 | R15: 7 | S15: 8 | T15: =SUM(E15:S15) -> 90 | U15: 2 | V15: -
A16: 17 | B16: LUM'ATUNNISRINA | C16: 2736 | D16: 15 | E16: =TEXT(F16,"[$-2000000]0") -> ٨ | F16: 8 | G16: 9 | H16: 9 | I16: 7 | J16: 5 | K16: 7 | L16: - | M16: 9 | N16: 7 | O16: 8 | P16: 8 | Q16: 8 | R16: 8 | S16: 8 | T16: =SUM(E16:S16) -> 101 | U16: 3 | V16: -
A17: 18 | B17: NABILA NAILI ALVI KAROMAH | C17: 2873 | D17: 16 | E17: =TEXT(F17,"[$-2000000]0") -> ٨ | F17: 8 | G17: 7 | H17: 9 | I17: 5 | J17: 7 | K17: 9 | L17: - | M17: 9 | N17: 8 | O17: 6 | P17: 8 | Q17: 8 | R17: 8 | S17: 8 | T17: =SUM(E17:S17) -> 100 | U17: 2 | V17: -
A18: 19 | B18: NADYA IZZATUL MAULA SALSABILA | C18: 2770 | D18: 17 | E18: =TEXT(F18,"[$-2000000]0") -> ٩ | F18: 9 | G18: 8 | H18: 7 | I18: 6 | J18: 8 | K18: 9 | L18: - | M18: 7 | N18: 7 | O18: 8 | P18: 8 | Q18: 8 | R18: 8 | S18: 8 | T18: =SUM(E18:S18) -> 101 | U18: - | V18: -
A19: 20 | B19: NAELA AENAN NABILAH | C19: 2740 | D19: 18 | E19: =TEXT(F19,"[$-2000000]0") -> ٩ | F19: 9 | G19: 8 | H19: 7 | I19: 4 | J19: 7 | K19: 7 | L19: - | M19: 7 | N19: 6 | O19: 9 | P19: 7 | Q19: 7 | R19: 8 | S19: 8 | T19: =SUM(E19:S19) -> 94 | U19: - | V19: -
A20: 21 | B20: NAJWA DAROIN | C20: 2667 | D20: 19 | E20: =TEXT(F20,"[$-2000000]0") -> ٩ | F20: 9 | G20: 9 | H20: 9 | I20: 8 | J20: 6 | K20: 9 | L20: - | M20: 9 | N20: 9 | O20: 9 | P20: 8 | Q20: 8 | R20: 7 | S20: 8 | T20: =SUM(E20:S20) -> 108 | U20: - | V20: -
A21: 22 | B21: PUTRI INDAH WANTI | C21: 2671 | D21: 20 | E21: =TEXT(F21,"[$-2000000]0") -> ٥ | F21: 5 | G21: 9 | H21: 9 | I21: 6 | J21: 4 | K21: 8 | L21: - | M21: 5 | N21: 7 | O21: 6 | P21: 8 | Q21: 7 | R21: 8 | S21: 8 | T21: =SUM(E21:S21) -> 90 | U21: 2
A22: 23 | B22: QURROTA A'YUN | C22: 2842 | D22: 21 | E22: =TEXT(F22,"[$-2000000]0") -> ٩ | F22: 9 | G22: 9 | H22: 9 | I22: 6 | J22: 6 | K22: 9 | L22: - | M22: 9 | N22: 9 | O22: 8 | P22: 8 | Q22: 8 | R22: 7 | S22: 8 | T22: =SUM(E22:S22) -> 105 | U22: - | V22: -
A23: 24 | B23: RAHMAWATI | C23: 2874 | D23: 22 | E23: =TEXT(F23,"[$-2000000]0") -> ٦ | F23: 6 | G23: 5 | H23: 7 | I23: 6 | J23: 6 | K23: 7 | L23: - | M23: 7 | N23: 6 | O23: 6 | P23: 7 | Q23: 8 | R23: 8 | S23: 8 | T23: =SUM(E23:S23) -> 87 | U23: - | V23: -
A24: 25 | B24: RINI NUR UTAMI | C24: 2780 | D24: 23 | E24: =TEXT(F24,"[$-2000000]0") -> ٨ | F24: 8 | G24: 8 | H24: 8 | I24: 5 | J24: 7 | K24: 8 | L24: - | M24: 7 | N24: 7 | O24: 5 | P24: 8 | Q24: 8 | R24: 8 | S24: 8 | T24: =SUM(E24:S24) -> 95 | U24: 6 | V24: -
A25: 26 | B25: SHERLIA TUS SYAHRONI | C25: 2817 | D25: 24 | E25: =TEXT(F25,"[$-2000000]0") -> ٨ | F25: 8 | G25: 6 | H25: 9 | I25: 7 | J25: 7 | K25: 4 | L25: - | M25: 7 | N25: 9 | O25: 6 | P25: 8 | Q25: 8 | R25: 8 | S25: 8 | T25: =SUM(E25:S25) -> 95 | U25: 2 | V25: -
A26: 27 | B26: SINTA ROHMATAL MAULA | C26: 2847 | D26: 25 | E26: =TEXT(F26,"[$-2000000]0") -> ٩ | F26: 9 | G26: 9 | H26: 9 | I26: 9 | J26: 9 | K26: 9 | L26: - | M26: 9 | N26: 8 | O26: 7 | P26: 8 | Q26: 8 | R26: 8 | S26: 8 | T26: =SUM(E26:S26) -> 110 | U26: 1 | V26: -
A27: 28 | B27: SITI CHUSNAYAINI | C27: 2881 | D27: 26 | E27: =TEXT(F27,"[$-2000000]0") -> ٩ | F27: 9 | G27: 9 | H27: 9 | I27: 9 | J27: 7 | K27: 9 | L27: - | M27: 7 | N27: 7 | O27: 7 | P27: 8 | Q27: 8 | R27: 8 | S27: 8 | T27: =SUM(E27:S27) -> 105 | U27: - | V27: -
A28: 29 | B28: SITI LUTFIAH | C28: 2905 | D28: 27 | E28: =TEXT(F28,"[$-2000000]0") -> ٩ | F28: 9 | G28: 9 | H28: 9 | I28: 9 | J28: 9 | K28: 9 | L28: - | M28: 9 | N28: 9 | O28: 9 | P28: 9 | Q28: 9 | R28: 9 | S28: 8 | T28: =SUM(E28:S28) -> 116 | U28: 2 | V28: -
A29: 30 | B29: WILDA AZKA FIKRIYAH | C29: 2717 | D29: 28 | E29: =TEXT(F29,"[$-2000000]0") -> ٩ | F29: 9 | G29: 5 | H29: 9 | I29: 9 | J29: 5 | K29: 8 | L29: - | M29: 9 | N29: 6 | O29: 7 | P29: 8 | Q29: 8 | R29: 8 | S29: 8 | T29: =SUM(E29:S29) -> 99 | U29: 4 | V29: -
A30: 31 | B30: YUSRO SYIFA NUR MAHAMIDAH | C30: 2718 | D30: 29 | E30: =TEXT(F30,"[$-2000000]0") -> ٥ | F30: 5 | G30: 6 | H30: 9 | I30: 6 | J30: 6 | K30: 9 | L30: - | M30: 9 | N30: 7 | O30: 7 | P30: 8 | Q30: 8 | R30: 8 | S30: 8 | T30: =SUM(E30:S30) -> 96 | U30: 1 | V30: -
A31: 32 | B31: ZINATUL HAYATI | C31: 2787 | D31: 30 | E31: =TEXT(F31,"[$-2000000]0") -> ٩ | F31: 9 | G31: 9 | H31: 9 | I31: 9 | J31: 9 | K31: 9 | L31: - | M31: 9 | N31: 9 | O31: 9 | P31: 9 | Q31: 9 | R31: 9 | S31: 8 | T31: =SUM(E31:S31) -> 116 | U31: 2 | V31: -
B32: NILAI 'AM | E32: =TEXT(F32,"[$-2000000]0") -> ٢٤٥ | F32: =SUM(F2:F31) -> 245 | G32: =SUM(G2:G31) -> 232 | H32: =SUM(H2:H31) -> 250 | I32: =SUM(I2:I31) -> 215 | J32: =SUM(J2:J31) -> 204 | K32: =SUM(K2:K31) -> 243 | L32: =SUM(L2:L31) -> 0 | M32: =SUM(M2:M31) -> 229 | ... S32: =SUM(S2:S31) -> 240 | U32: - | V32: -
U33: - | V33: -
U34: - | V34: -
H36: NILAI 'AM
H37: =E32/D31 -> 8
H38: =G32/D31 -> 8
H39: =H32/D31 -> 8
H40: =I32/D31 -> 7
H41: =J32/D31 -> 7
H42: =K32/D31 -> 8
H43: -
H44: =M32/D31 -> 8
H45: =N32/D31 -> 7
H46: =O32/D31 -> 7
H47: =P32/D31 -> 8
H48: =Q32/D31 -> 8
H49: =R32/D31 -> 8
H50: =S32/D31 -> 8
H51: =SUM(H37:H50) -> 100

Sheet 2 ALIYAH H
A1: No. Tamrin | B1: Nama | C1: No. Stambuk | D1: JML Siswi | E1: تفسير الجلالين | G1: إتمام الدراية | H1: رياض الصالحين | I1: كفاية العوام | J1: فتح المعين | K1: تسهيل الطرقات | L1: مبادئ قواعد الفقهية | M1: عدة الفارض | N1: الفية ابن مالك | O1: بداية الهداية | P1: الخط \ الإملاء | Q1: قراءة الكتب | R1: المحافظة | S1: الأخلاق | T1: جمل أرقام الدرجات الدراسية | U1: بإذن | V1: بغيره
A2: 01 | B2: ARIN AGUSTIN | C2: 2727 | D2: 01 | E2: =TEXT(F2,"[$-2000000]0") -> ٩ | F2: 9 | G2: 8 | H2: 8 | I2: 8 | J2: 8 | K2: 8 | L2: - | M2: 9 | N2: 7 | O2: 7 | P2: 7 | Q2: 7 | R2: 8 | S2: 8 | T2: =SUM(E2:S2) -> 102 | U2: - | V2: -
A3: 02 | B3: ATI LINURIL BAROKAH | C3: 2792 | D3: 02 | E3: =TEXT(F3,"[$-2000000]0") -> ٦ | F3: 6 | G3: 6 | H3: 6 | I3: 6 | J3: 5 | K3: 4 | L3: - | M3: 5 | N3: 6 | O3: 5 | P3: 7 | Q3: 7 | R3: 8 | S3: 8 | T3: =SUM(E3:S3) -> 79 | U3: - | V3: -
A4: 03 | B4: BARLANTI KHODIJAH ALINNASLA | C4: 2888 | D4: 03 | E4: =TEXT(F4,"[$-2000000]0") -> ٨ | F4: 8 | G4: 8 | H4: 9 | I4: 8 | J4: 8 | K4: 7 | L4: - | M4: 8 | N4: 9 | O4: 8 | P4: 8 | Q4: 8 | R4: 8 | S4: 8 | T4: =SUM(E4:S4) -> 105 | U4: 5 | V4: -
A5: 04 | B5: CHUBI SYAQILA | C5: 2854 | D5: 04 | E5: =TEXT(F5,"[$-2000000]0") -> ٩ | F5: 9 | G5: 8 | H5: 9 | I5: 8 | J5: 7 | K5: 7 | L5: - | M5: 7 | N5: 8 | O5: 7 | P5: 7 | Q5: 8 | R5: 7 | S5: 8 | T5: =SUM(E5:S5) -> 100 | U5: 1 | V5: -
A6: 05 | B6: EKAWATI | C6: 2759 | D6: 05 | E6: =TEXT(F6,"[$-2000000]0") -> ٧ | F6: 7 | G6: 8 | H6: 8 | I6: 6 | J6: 7 | K6: 6 | L6: - | M6: 7 | N6: 5 | O6: 6 | P6: 7 | Q6: 8 | R6: 8 | S6: 7 | T6: =SUM(E6:S6) -> 90 | U6: 2 | V6: -
A7: 06 | B7: EVI YUNIARTI | C7: 2689 | D7: 06 | E7: =TEXT(F7,"[$-2000000]0") -> ٩ | F7: 9 | G7: 7 | H7: 8 | I7: 7 | J7: 7 | K7: 7 | L7: - | M7: 8 | N7: 9 | O7: 7 | P7: 7 | Q7: 7 | R7: 7 | S7: 8 | T7: =SUM(E7:S7) -> 98 | U7: 1 | V7: -
A8: 07 | B8: HALWA MAYLA SAPNA ROBB | C8: 2760 | D8: 07 | E8: =TEXT(F8,"[$-2000000]0") -> ٩ | F8: 9 | G8: 9 | H8: 9 | I8: 9 | J8: 9 | K8: 9 | L8: - | M8: 9 | N8: 9 | O8: 9 | P8: 9 | Q8: 8 | R8: 8 | S8: 8 | T8: =SUM(E8:S8) -> 114 | U8: - | V8: -
A9: 08 | B9: HIMATUL AZIZAH | C9: 2734 | D9: 08 | E9: =TEXT(F9,"[$-2000000]0") -> ٥ | F9: 5 | G9: 4 | H9: 7 | I9: 5 | J9: 4 | K9: 6 | L9: - | M9: 7 | N9: 4 | O9: 6 | P9: 7 | Q9: 7 | R9: 6 | S9: 8 | T9: =SUM(E9:S9) -> 76 | U9: 1 | V9: -
A10: 09 | B10: KHOIRUN NISA | C10: 2866 | D10: 09 | E10: =TEXT(F10,"[$-2000000]0") -> ٦ | F10: 6 | G10: 7 | H10: 7 | I10: 4 | J10: 7 | K10: 5 | L10: - | M10: 6 | N10: 6 | O10: 6 | P10: 7 | Q10: 7 | R10: 7 | S10: 7 | T10: =SUM(E10:S10) -> 82 | U10: - | V10: -
A11: 11 | B11: KHUSNA DIANA FITRI | C11: 2697 | D11: 10 | E11: =TEXT(F11,"[$-2000000]0") -> ٧ | F11: 7 | G11: 8 | H11: 9 | I11: 6 | J11: 8 | K11: 7 | L11: - | M11: 7 | N11: 9 | O11: 6 | P11: 7 | Q11: 8 | R11: 8 | S11: 7 | T11: =SUM(E11:S11) -> 97 | U11: 1 | V11: -
A12: 12 | B12: LIA AMALIYA | C12: 2867 | D12: 11 | E12: =TEXT(F12,"[$-2000000]0") -> ٧ | F12: 7 | G12: 7 | H12: 7 | I12: 4 | J12: 7 | K12: 8 | L12: - | M12: 6 | N12: 4 | O12: 7 | P12: 7 | Q12: 7 | R12: 7 | S12: 8 | T12: =SUM(E12:S12) -> 86 | U12: 1 | V12: -
A13: 13 | B13: MAYLAN QUDSY | C13: 2896 | D13: 12 | E13: =TEXT(F13,"[$-2000000]0") -> ٨ | F13: 8 | G13: 7 | H13: 8 | I13: 6 | J13: 7 | K13: 7 | L13: - | M13: 7 | N13: 6 | O13: 9 | P13: 8 | Q13: 7 | R13: 8 | S13: 8 | T13: =SUM(E13:S13) -> 96 | U13: 1 | V13: -
A14: 14 | B14: MELANI NAFISAH SAMAS | C14: 2661 | D14: 13 | E14: =TEXT(F14,"[$-2000000]0") -> ٧ | F14: 7 | G14: 7 | H14: 9 | I14: 4 | J14: 5 | K14: 5 | L14: - | M14: 6 | N14: 5 | O14: 7 | P14: 8 | Q14: 8 | R14: 7 | S14: 7 | T14: =SUM(E14:S14) -> 85 | U14: - | V14: -
A15: 15 | B15: MILHAH ‘AZIZAH | C15: 2833 | D15: 14 | E15: =TEXT(F15,"[$-2000000]0") -> ٨ | F15: 8 | G15: 9 | H15: 9 | I15: 8 | J15: 9 | K15: 9 | L15: - | M15: 9 | N15: 9 | O15: 9 | P15: 9 | Q15: 8 | R15: 8 | S15: 8 | T15: =SUM(E15:S15) -> 112 | U15: - | V15: -
A16: 16 | B16: NAFI'ATIL 'AQILAH | C16: 2703 | D16: 15 | E16: =TEXT(F16,"[$-2000000]0") -> ٦ | F16: 6 | G16: 4 | H16: 8 | I16: 4 | J16: 7 | K16: 4 | L16: - | M16: 5 | N16: 4 | O16: 6 | P16: 8 | Q16: 7 | R16: 8 | S16: 8 | T16: =SUM(E16:S16) -> 79 | U16: 1 | V16: 1
A17: 17 | B17: NALA ROHMATAL IZZAH | C17: 2836 | D17: 16 | E17: =TEXT(F17,"[$-2000000]0") -> ٤ | F17: 4 | G17: 7 | H17: 6 | I17: 4 | J17: 5 | K17: 4 | L17: - | M17: 5 | N17: 6 | O17: 5 | P17: 8 | Q17: 7 | R17: 7 | S17: 7 | T17: =SUM(E17:S17) -> 75 | U17: 1 | V17: -
A18: 18 | B18: NGABIDATUL MAHMUDAH | C18: 2773 | D18: 17 | E18: =TEXT(F18,"[$-2000000]0") -> ٩ | F18: 9 | G18: 9 | H18: 9 | I18: 9 | J18: 9 | K18: 9 | L18: - | M18: 9 | N18: 9 | O18: 9 | P18: 9 | Q18: 8 | R18: 8 | S18: 8 | T18: =SUM(E18:S18) -> 114 | U18: - | V18: -
A19: 19 | B19: NUR AENI | C19: 2669 | D19: 18 | E19: =TEXT(F19,"[$-2000000]0") -> ٧ | F19: 7 | G19: 6 | H19: 9 | I19: 5 | J19: 5 | K19: 6 | L19: - | M19: 5 | N19: 5 | O19: 7 | P19: 7 | Q19: 7 | R19: 7 | S19: 8 | T19: =SUM(E19:S19) -> 84 | U19: 1 | V19: -
A20: 20 | B20: NUR INDAH ROSYIDAH | C20: 2744 | D20: 19 | E20: =TEXT(F20,"[$-2000000]0") -> ٩ | F20: 9 | G20: 9 | H20: 9 | I20: 9 | J20: 8 | K20: 8 | L20: - | M20: 8 | N20: 9 | O20: 9 | P20: 9 | Q20: 8 | R20: 8 | S20: 8 | T20: =SUM(E20:S20) -> 111 | U20: - | V20: -
A21: 21 | B21: NUR ROHMAH | C21: 2776 | D21: 20 | E21: =TEXT(F21,"[$-2000000]0") -> ٨ | F21: 8 | G21: 7 | H21: 9 | I21: 4 | J21: 5 | K21: 9 | L21: - | M21: 8 | N21: 8 | O21: 6 | P21: 8 | Q21: 8 | R21: 7 | S21: 8 | T21: =SUM(E21:S21) -> 95 | U21: - | V21: -
A22: 22 | B22: NURIS SABIILA | C22: 2840 | D22: 21 | E22: =TEXT(F22,"[$-2000000]0") -> ٩ | F22: 9 | G22: 9 | H22: 9 | I22: 9 | J22: 9 | K22: 9 | L22: - | M22: 9 | N22: 9 | O22: 9 | P22: 8 | Q22: 8 | R22: 8 | S22: 8 | T22: =SUM(E22:S22) -> 113 | U22: 1 | V22: -
A23: 23 | B23: NURUL AZIZAH SIREGAR | C23: 2902 | D23: 22 | E23: =TEXT(F23,"[$-2000000]0") -> ٧ | F23: 7 | G23: 5 | H23: 7 | I23: 4 | J23: 4 | K23: 6 | L23: - | M23: 7 | N23: 5 | O23: 6 | P23: 7 | Q23: 7 | R23: 8 | S23: 7 | T23: =SUM(E23:S23) -> 80 | U23: 1 | V23: -
A24: 24 | B24: REIFINA MAHWA MERNISI | C24: 2673 | D24: 23 | E24: =TEXT(F24,"[$-2000000]0") -> ٧ | F24: 7 | G24: 5 | H24: 9 | I24: 5 | J24: 6 | K24: 4 | L24: - | M24: 8 | N24: 6 | O24: 7 | P24: 8 | Q24: 8 | R24: 8 | S24: 7 | T24: =SUM(E24:S24) -> 88 | U24: 2 | V24: -
A25: 25 | B25: ROIHANATUL JANNAH | C25: 2844 | D25: 24 | E25: =TEXT(F25,"[$-2000000]0") -> ٤ | F25: 4 | G25: 6 | H25: 7 | I25: 4 | J25: 6 | K25: 7 | L25: - | M25: 7 | N25: 7 | O25: 6 | P25: 7 | Q25: 7 | R25: 8 | S25: 8 | T25: =SUM(E25:S25) -> 84 | U25: - | V25: -
A26: 26 | B26: SAILIN NIHLAH | C26: 2816 | D26: 25 | E26: =TEXT(F26,"[$-2000000]0") -> ٩ | F26: 9 | G26: 8 | H26: 7 | I26: 9 | J26: 9 | K26: 8 | L26: - | M26: 8 | N26: 9 | O26: 8 | P26: 8 | Q26: 8 | R26: 8 | S26: 8 | T26: =SUM(E26:S26) -> 107 | U26: - | V26: -
A27: 27 | B27: SALSA SOFIA | C27: 2846 | D27: 26 | E27: =TEXT(F27,"[$-2000000]0") -> ٦ | F27: 6 | G27: 6 | H27: 8 | I27: 6 | J27: 5 | K27: 5 | L27: - | M27: 5 | N27: 5 | O27: 8 | P27: 7 | Q27: 7 | R27: 8 | S27: 8 | T27: =SUM(E27:S27) -> 84 | U27: - | V27: -
A28: 28 | B28: SITI MAFRUROH | C28: 2783 | D28: 27 | E28: =TEXT(F28,"[$-2000000]0") -> ٨ | F28: 8 | G28: 9 | H28: 9 | I28: 7 | J28: 8 | K28: 8 | L28: - | M28: 9 | N28: 9 | O28: 8 | P28: 8 | Q28: 8 | R28: 8 | S28: 8 | T28: =SUM(E28:S28) -> 107 | U28: 1 | V28: -
A29: 29 | B29: SYIVAUR ROHMAH | C29: 2908 | D29: 28 | E29: =TEXT(F29,"[$-2000000]0") -> ٨ | F29: 8 | G29: 6 | H29: 7 | I29: 6 | J29: 6 | K29: 7 | L29: - | M29: 8 | N29: 6 | O29: 5 | P29: 8 | Q29: 8 | R29: 7 | S29: 7 | T29: =SUM(E29:S29) -> 89 | U29: - | V29: -
A30: 30 | B30: TZAMARATUL QOLBUNA ALIA MAYSARAH | C30: 2713 | D30: 29 | E30: =TEXT(F30,"[$-2000000]0") -> ٩ | F30: 9 | G30: 9 | H30: 9 | I30: 9 | J30: 9 | K30: 9 | L30: - | M30: 8 | N30: 9 | O30: 9 | P30: 8 | Q30: 8 | R30: 7 | S30: 8 | T30: =SUM(E30:S30) -> 111 | U30: - | V30: -
A31: 31 | B31: ULFI ZAHROTUL 'ADNI | C31: 2818 | D31: 30 | E31: =TEXT(F31,"[$-2000000]0") -> ٨ | F31: 8 | G31: 7 | H31: 8 | I31: 7 | J31: 6 | K31: 7 | L31: - | M31: 6 | N31: 6 | O31: 6 | P31: 7 | Q31: 7 | R31: 8 | S31: 8 | T31: =SUM(E31:S31) -> 91 | U31: 1 | V31: -
A32: 32 | B32: VIKA MAHYA MAFAZA | C32: 2715 | D32: 31 | E32: =TEXT(F32,"[$-2000000]0") -> ٩ | F32: 9 | G32: 9 | H32: 9 | I32: 9 | J32: 9 | K32: 8 | L32: - | M32: 7 | N32: 7 | O32: 8 | P32: 8 | Q32: 8 | R32: 8 | S32: 8 | T32: =SUM(E32:S32) -> 107 | U32: - | V32: -
B33: NILAI A'M | E33: =TEXT(F33,"[$-2000000]0") -> ٢٣٢ | F33: =SUM(F2:F32) -> 232 | G33: =SUM(G2:G32) -> 224 | H33: =SUM(H2:H32) -> 252 | I33: =SUM(I2:I32) -> 199 | J33: =SUM(J2:J32) -> 214 | K33: =SUM(K2:K32) -> 213 | L33: =SUM(L2:L32) -> 0 | M33: =SUM(M2:M32) -> 223 | ... S33: =SUM(S2:S32) -> 240 | U33: - | V33: -
U34: - | V34: -
U35: - | V35: -
H37: NILAI 'AM
H38: =E33/D32 -> 7
H39: =G33/D32 -> 7
H40: =H33/D32 -> 8
H41: =I33/D32 -> 6
H42: =J33/D32 -> 7
H43: =K33/D32 -> 7
H44: -
H45: =M33/D32 -> 7
H46: =N33/D32 -> 7
H47: =O33/D32 -> 7
H48: =P33/D32 -> 8
H49: =Q33/D32 -> 8
H50: =R33/D32 -> 8
H51: =S33/D32 -> 8
H52: =SUM(H38:H51) -> 95

Sheet 2 ALY A
A1: No. Tamrin | B1: Nama | C1: No. Stambuk | D1: JML Siswi | E1: تفسير الجلالين | G1: إتمام الدراية | H1: رياض الصالحين | I1: كفاية العوام | J1: فتح المعين | K1: تسهيل الطرقات | L1: مبادئ قواعد الفقهية | M1: عدة الفارض | N1: الفية ابن مالك | O1: بداية الهداية | P1: الخط \ الإملاء | Q1: قراءة الكتب | R1: المحافظة | S1: الأخلاق | T1: جمل أرقام الدرجات الدراسية | U1: بإذن | V1: بغيره | X1: SEMESTER I | Y1: semester II | Z1: Jumlah | AA1: pelajaran SI & S II | AB1: rata-rata | AC1: niai prestasi | AE1: S1 | AF1: S2 | AG1: JUMLAH IDZNI | AI1: S 1 | AJ1: S 2 | AK1: JUMLAH BIGHOIRIHI
A2: ='2 ALIYAH A'!A2:C31 -> 01 | B2: ='2 ALIYAH A'!B2:D31 -> AINA NUR LAELY | C2: ='2 ALIYAH A'!C2:E31 -> 2788 | D2: 01 | E2: =TEXT(F2,"[$-2000000]0") -> ٧ | F2: 7 | G2: 0 | H2: 7 | I2: 9 | J2: 7 | K2: 5 | L2: 5 | M2: 5 | N2: 5 | O2: 7 | P2: 7 | Q2: 7 | R2: 8 | S2: 8 | T2: =SUM(E2:S2) -> 87 | U2: - | V2: - | X2: ='2 ALIYAH A'!T2:T31 -> 85 | Y2: =T2 -> 87 | Z2: =X2+Y2 -> 172 | AA2: 26 | AB2: =Z2/AA2 -> 7 | AC2: =IF(AB2>=8.5,"الجيد الأول",IF(AB2>=7.5,"الجيد الثاني",IF(AB2>=6.5,"المتوسط الأول",IF(AB2>=5.5,"المتوسط الثاني",IF(AB2>=4.5,"الرديء",))))) -> المتوسط الأول | AE2: ='2 ALIYAH A'!U2:U31 -> 1 | AF2: =U2:U31 -> - | AG2: =SUM(AE2:AF2) -> 1 | AI2: ='2 ALIYAH A'!V2:V31 -> - | AJ2: =V2:V27 -> - | AK2: =SUM(AI2:AJ2) -> 0
A3: ='2 ALIYAH A'!A3:C32 -> 02 | B3: ='2 ALIYAH A'!B3:D32 -> AMARATUS SAIDA | C3: ='2 ALIYAH A'!C3:E32 -> 2725 | D3: 02 | E3: =TEXT(F3,"[$-2000000]0") -> ٨ | F3: 8 | G3: 0 | H3: 8 | I3: 8 | J3: 9 | K3: 8 | L3: 6 | M3: 7 | N3: 8 | O3: 8 | P3: 8 | Q3: 8 | R3: 8 | S3: 8 | T3: =SUM(E3:S3) -> 102 | U3: - | V3: 1 | X3: ='2 ALIYAH A'!T3:T32 -> 105 | Y3: =T3 -> 102 | Z3: =X3+Y3 -> 207 | AA3: 26 | AB3: =Z3/AA3 -> 8 | AC3: =IF(AB3>=8.5,"الجيد الأول",IF(AB3>=7.5,"الجيد الثاني",IF(AB3>=6.5,"المتوسط الأول",IF(AB3>=5.5,"المتوسط الثاني",IF(AB3>=4.5,"الرديء",))))) -> الجيد الثاني | AE3: ='2 ALIYAH A'!U3:U32 -> - | AF3: =U3:U31 -> - | AG3: =SUM(AE3:AF3) -> 0 | AI3: ='2 ALIYAH A'!V3:V32 -> 1 | AJ3: =V3:V28 -> 1 | AK3: =SUM(AI3:AJ3) -> 2
A4: ='2 ALIYAH A'!A4:C33 -> 03 | B4: ='2 ALIYAH A'!B4:D33 -> ANJALI ISNA HUSNAWATI | C4: ='2 ALIYAH A'!C4:E33 -> 2885 | D4: 03 | E4: =TEXT(F4,"[$-2000000]0") -> ٩ | F4: 9 | G4: 0 | H4: 8 | I4: 9 | J4: 7 | K4: 8 | L4: 9 | M4: 7 | N4: 9 | O4: 5 | P4: 8 | Q4: 8 | R4: 8 | S4: 8 | T4: =SUM(E4:S4) -> 103 | U4: - | V4: - | X4: ='2 ALIYAH A'!T4:T33 -> 102 | Y4: =T4 -> 103 | Z4: =X4+Y4 -> 205 | AA4: 26 | AB4: =Z4/AA4 -> 8 | AC4: =IF(AB4>=8.5,"الجيد الأول",IF(AB4>=7.5,"الجيد الثاني",IF(AB4>=6.5,"المتوسط الأول",IF(AB4>=5.5,"المتوسط الثاني",IF(AB4>=4.5,"الرديء",))))) -> الجيد الثاني | AE4: ='2 ALIYAH A'!U4:U33 -> - | AF4: =U4:U31 -> - | AG4: =SUM(AE4:AF4) -> 0 | AI4: ='2 ALIYAH A'!V4:V33 -> - | AJ4: =V4:V29 -> - | AK4: =SUM(AI4:AJ4) -> 0
A5: ='2 ALIYAH A'!A5:C34 -> 04 | B5: ='2 ALIYAH A'!B5:D34 -> DAILLATS TSOORAYA | C5: ='2 ALIYAH A'!C5:E34 -> 2653 | D5: 04 | E5: =TEXT(F5,"[$-2000000]0") -> ٨ | F5: 8 | G5: 0 | H5: 9 | I5: 9 | J5: 9 | K5: 9 | L5: 9 | M5: 9 | N5: 9 | O5: 9 | P5: 8 | Q5: 8 | R5: 8 | S5: 8 | T5: =SUM(E5:S5) -> 112 | U5: - | V5: - | X5: ='2 ALIYAH A'!T5:T34 -> 113 | Y5: =T5 -> 112 | Z5: =X5+Y5 -> 225 | AA5: 26 | AB5: =Z5/AA5 -> 9 | AC5: =IF(AB5>=8.5,"الجيد الأول",IF(AB5>=7.5,"الجيد الثاني",IF(AB5>=6.5,"المتوسط الأول",IF(AB5>=5.5,"المتوسط الثاني",IF(AB5>=4.5,"الرديء",))))) -> الجيد الأول | AE5: ='2 ALIYAH A'!U5:U34 -> - | AF5: =U5:U31 -> - | AG5: =SUM(AE5:AF5) -> 0 | AI5: ='2 ALIYAH A'!V5:V34 -> - | AJ5: =V5:V30 -> - | AK5: =SUM(AI5:AJ5) -> 0
A6: ='2 ALIYAH A'!A6:C35 -> 05 | B6: ='2 ALIYAH A'!B6:D35 -> DEWI NUR AZIZAH | C6: ='2 ALIYAH A'!C6:E35 -> 2822 | D6: 05 | E6: =TEXT(F6,"[$-2000000]0") -> ٦ | F6: 6 | G6: 0 | H6: 9 | I6: 7 | J6: 5 | K6: 6 | L6: 9 | M6: 6 | N6: 5 | O6: 7 | P6: 8 | Q6: 7 | R6: 8 | S6: 8 | T6: =SUM(E6:S6) -> 91 | U6: - | V6: - | X6: ='2 ALIYAH A'!T6:T35 -> 84 | Y6: =T6 -> 91 | Z6: =X6+Y6 -> 175 | AA6: 26 | AB6: =Z6/AA6 -> 7 | AC6: =IF(AB6>=8.5,"الجيد الأول",IF(AB6>=7.5,"الجيد الثاني",IF(AB6>=6.5,"المتوسط الأول",IF(AB6>=5.5,"المتوسط الثاني",IF(AB6>=4.5,"الرديء",))))) -> المتوسط الأول | AE6: ='2 ALIYAH A'!U6:U35 -> - | AF6: =U6:U31 -> - | AG6: =SUM(AE6:AF6) -> 0 | AI6: ='2 ALIYAH A'!V6:V35 -> 1 | AJ6: =V6:V31 -> - | AK6: =SUM(AI6:AJ6) -> 1
A7: ='2 ALIYAH A'!A7:C36 -> 06 | B7: ='2 ALIYAH A'!B7:D36 -> DINA YULIANA SARI | C7: ='2 ALIYAH A'!C7:E36 -> 2855 | D7: 06 | E7: =TEXT(F7,"[$-2000000]0") -> ٦ | F7: 6 | G7: 0 | H7: 8 | I7: 9 | J7: 5 | K7: 7 | L7: 8 | M7: 5 | N7: 5 | O7: 5 | P7: 8 | Q7: 7 | R7: 8 | S7: 8 | T7: =SUM(E7:S7) -> 89 | U7: - | V7: - | X7: ='2 ALIYAH A'!T7:T36 -> 84 | Y7: =T7 -> 89 | Z7: =X7+Y7 -> 173 | AA7: 26 | AB7: =Z7/AA7 -> 7 | AC7: =IF(AB7>=8.5,"الجيد الأول",IF(AB7>=7.5,"الجيد الثاني",IF(AB7>=6.5,"المتوسط الأول",IF(AB7>=5.5,"المتوسط الثاني",IF(AB7>=4.5,"الرديء",))))) -> المتوسط الأول | AE7: ='2 ALIYAH A'!U7:U36 -> 1 | AF7: =U7:U31 -> - | AG7: =SUM(AE7:AF7) -> 1 | AI7: ='2 ALIYAH A'!V7:V36 -> - | AJ7: =V7:V31 -> - | AK7: =SUM(AI7:AJ7) -> 0
A8: ='2 ALIYAH A'!A8:C37 -> 07 | B8: ='2 ALIYAH A'!B8:D37 -> FARWAH FATIMAH FARZANI | C8: ='2 ALIYAH A'!C8:E37 -> 2889 | D8: 07 | E8: =TEXT(F8,"[$-2000000]0") -> ٩ | F8: 9 | G8: 0 | H8: 9 | I8: 9 | J8: 9 | K8: 9 | L8: 9 | M8: 8 | N8: 9 | O8: 9 | P8: 8 | Q8: 8 | R8: 8 | S8: 8 | T8: =SUM(E8:S8) -> 112 | U8: 5 | V8: - | X8: ='2 ALIYAH A'!T8:T37 -> 109 | Y8: =T8 -> 112 | Z8: =X8+Y8 -> 221 | AA8: 26 | AB8: =Z8/AA8 -> 9 | AC8: =IF(AB8>=8.5,"الجيد الأول",IF(AB8>=7.5,"الجيد الثاني",IF(AB8>=6.5,"المتوسط الأول",IF(AB8>=5.5,"المتوسط الثاني",IF(AB8>=4.5,"الرديء",))))) -> الجيد الأول | AE8: ='2 ALIYAH A'!U8:U37 -> 4 | AF8: =U8:U31 -> 5 | AG8: =SUM(AE8:AF8) -> 9 | AI8: ='2 ALIYAH A'!V8:V37 -> - | AJ8: =V8:V31 -> - | AK8: =SUM(AI8:AJ8) -> 0
A9: ='2 ALIYAH A'!A9:C38 -> 08 | B9: ='2 ALIYAH A'!B9:D38 -> FATIN KHAMAMA | C9: ='2 ALIYAH A'!C9:E38 -> 2692 | D9: 08 | E9: =TEXT(F9,"[$-2000000]0") -> ٩ | F9: 9 | G9: 0 | H9: 9 | I9: 9 | J9: 9 | K9: 9 | L9: 9 | M9: 9 | N9: 9 | O9: 9 | P9: 8 | Q9: 8 | R9: 8 | S9: 8 | T9: =SUM(E9:S9) -> 113 | U9: - | V9: - | X9: ='2 ALIYAH A'!T9:T38 -> 112 | Y9: =T9 -> 113 | Z9: =X9+Y9 -> 225 | AA9: 26 | AB9: =Z9/AA9 -> 9 | AC9: =IF(AB9>=8.5,"الجيد الأول",IF(AB9>=7.5,"الجيد الثاني",IF(AB9>=6.5,"المتوسط الأول",IF(AB9>=5.5,"المتوسط الثاني",IF(AB9>=4.5,"الرديء",))))) -> الجيد الأول | AE9: ='2 ALIYAH A'!U9:U38 -> - | AF9: =U9:U31 -> - | AG9: =SUM(AE9:AF9) -> 0 | AI9: ='2 ALIYAH A'!V9:V38 -> - | AJ9: =V9:V31 -> - | AK9: =SUM(AI9:AJ9) -> 0
A10: ='2 ALIYAH A'!A10:C39 -> 09 | B10: ='2 ALIYAH A'!B10:D39 -> FIKRIYA NAJITAMA | C10: ='2 ALIYAH A'!C10:E39 -> 2654 | D10: 09 | E10: =TEXT(F10,"[$-2000000]0") -> ٠ | G10: 0 | T10: =SUM(E10:S10) -> 0 | U10: - | V10: - | X10: ='2 ALIYAH A'!T10:T39 -> 79 | Y10: =T10 -> 0 | Z10: =X10+Y10 -> 79 | AA10: 26 | AB10: =Z10/AA10 -> 3 | AC10: =IF(AB10>=8.5,"الجيد الأول",IF(AB10>=7.5,"الجيد الثاني",IF(AB10>=6.5,"المتوسط الأول",IF(AB10>=5.5,"المتوسط الثاني",IF(AB10>=4.5,"الرديء",))))) -> 0 | AE10: ='2 ALIYAH A'!U10:U39 -> 2 | AF10: =U10:U31 -> - | AG10: =SUM(AE10:AF10) -> 2 | AI10: ='2 ALIYAH A'!V10:V39 -> - | AJ10: =V10:V31 -> - | AK10: =SUM(AI10:AJ10) -> 0
A11: ='2 ALIYAH A'!A11:C40 -> 10 | B11: ='2 ALIYAH A'!B11:D40 -> FINA HIKMATUL MAULA | C11: ='2 ALIYAH A'!C11:E40 -> 2732 | D11: 10 | E11: =TEXT(F11,"[$-2000000]0") -> ٩ | F11: 9 | G11: 0 | H11: 9 | I11: 9 | J11: 9 | K11: 9 | L11: 9 | M11: 9 | N11: 8 | O11: 9 | P11: 8 | Q11: 8 | R11: 8 | S11: 8 | T11: =SUM(E11:S11) -> 112 | U11: 1 | V11: - | X11: ='2 ALIYAH A'!T11:T40 -> 107 | Y11: =T11 -> 112 | Z11: =X11+Y11 -> 219 | AA11: 26 | AB11: =Z11/AA11 -> 8 | AC11: =IF(AB11>=8.5,"الجيد الأول",IF(AB11>=7.5,"الجيد الثاني",IF(AB11>=6.5,"المتوسط الأول",IF(AB11>=5.5,"المتوسط الثاني",IF(AB11>=4.5,"الرديء",))))) -> الجيد الثاني | AE11: ='2 ALIYAH A'!U11:U40 -> - | AF11: =U11:U31 -> 1 | AG11: =SUM(AE11:AF11) -> 1 | AI11: ='2 ALIYAH A'!V11:V40 -> - | AJ11: =V11:V31 -> - | AK11: =SUM(AI11:AJ11) -> 0
A12: ='2 ALIYAH A'!A12:C41 -> 11 | B12: ='2 ALIYAH A'!B12:D41 -> FIRDA AYU NUR AMALIA | C12: ='2 ALIYAH A'!C12:E41 -> 2859 | D12: 11 | E12: =TEXT(F12,"[$-2000000]0") -> ٥ | F12: 5 | G12: 0 | H12: 7 | I12: 9 | J12: 5 | K12: 5 | L12: 9 | M12: 5 | N12: 5 | O12: 5 | P12: 8 | Q12: 7 | R12: 8 | S12: 8 | T12: =SUM(E12:S12) -> 86 | U12: 2 | V12: - | X12: ='2 ALIYAH A'!T12:T41 -> 81 | Y12: =T12 -> 86 | Z12: =X12+Y12 -> 167 | AA12: 26 | AB12: =Z12/AA12 -> 6 | AC12: =IF(AB12>=8.5,"الجيد الأول",IF(AB12>=7.5,"الجيد الثاني",IF(AB12>=6.5,"المتوسط الأول",IF(AB12>=5.5,"المتوسط الثاني",IF(AB12>=4.5,"الرديء",))))) -> المتوسط الثاني | AE12: ='2 ALIYAH A'!U12:U41 -> 2 | AF12: =U12:U31 -> 2 | AG12: =SUM(AE12:AF12) -> 4 | AI12: ='2 ALIYAH A'!V12:V41 -> - | AJ12: =V12:V31 -> - | AK12: =SUM(AI12:AJ12) -> 0
A13: ='2 ALIYAH A'!A13:C42 -> 12 | B13: ='2 ALIYAH A'!B13:D42 -> FUTIKHATUL JANNAH | C13: ='2 ALIYAH A'!C13:E42 -> 2890 | D13: 12 | E13: =TEXT(F13,"[$-2000000]0") -> ٦ | F13: 6 | G13: 0 | H13: 8 | I13: 8 | J13: 5 | K13: 5 | L13: 6 | M13: 5 | N13: 5 | O13: 5 | P13: 7 | Q13: 7 | R13: 8 | S13: 8 | T13: =SUM(E13:S13) -> 83 | U13: - | V13: - | X13: ='2 ALIYAH A'!T13:T42 -> 79 | Y13: =T13 -> 83 | Z13: =X13+Y13 -> 162 | AA13: 26 | AB13: =Z13/AA13 -> 6 | AC13: =IF(AB13>=8.5,"الجيد الأول",IF(AB13>=7.5,"الجيد الثاني",IF(AB13>=6.5,"المتوسط الأول",IF(AB13>=5.5,"المتوسط الثاني",IF(AB13>=4.5,"الرديء",))))) -> المتوسط الثاني | AE13: ='2 ALIYAH A'!U13:U42 -> - | AF13: =U13:U31 -> - | AG13: =SUM(AE13:AF13) -> 0 | AI13: ='2 ALIYAH A'!V13:V42 -> - | AJ13: =V13:V31 -> - | AK13: =SUM(AI13:AJ13) -> 0
A14: ='2 ALIYAH A'!A13:C43 -> 13 | B14: ='2 ALIYAH A'!B13:D43 -> HANIFAH KAFFA ARIFAH | C14: ='2 ALIYAH A'!C13:E43 -> 2891 | D14: 13 | E14: =TEXT(F14,"[$-2000000]0") -> ٥ | F14: 5 | G14: 0 | H14: 8 | I14: 7 | J14: 5 | K14: 5 | L14: 5 | M14: 5 | N14: 5 | O14: 5 | P14: 8 | Q14: 7 | R14: 8 | S14: 8 | T14: =SUM(E14:S14) -> 81 | U14: - | V14: - | X14: ='2 ALIYAH A'!T14:T43 -> 78 | Y14: =T14 -> 81 | Z14: =X14+Y14 -> 159 | AA14: 26 | AB14: =Z14/AA14 -> 6 | AC14: =IF(AB14>=8.5,"الجيد الأول",IF(AB14>=7.5,"الجيد الثاني",IF(AB14>=6.5,"المتوسط الأول",IF(AB14>=5.5,"المتوسط الثاني",IF(AB14>=4.5,"الرديء",))))) -> المتوسط الثاني | AE14: ='2 ALIYAH A'!U14:U43 -> - | AF14: =U14:U31 -> - | AG14: =SUM(AE14:AF14) -> 0 | AI14: ='2 ALIYAH A'!V13:V43 -> 2 | AJ14: =V14:V31 -> - | AK14: =SUM(AI14:AJ14) -> 2
A15: ='2 ALIYAH A'!A14:C44 -> 14 | B15: ='2 ALIYAH A'!B14:D44 -> JESICA BARBERA AISYAH PADANGENG ALAM | C15: ='2 ALIYAH A'!C14:E44 -> 2657 | D15: 14 | E15: =TEXT(F15,"[$-2000000]0") -> ٩ | F15: 9 | G15: 0 | H15: 9 | I15: 9 | J15: 9 | K15: 9 | L15: 8 | M15: 8 | N15: 9 | O15: 9 | P15: 8 | Q15: 8 | R15: 8 | S15: 8 | T15: =SUM(E15:S15) -> 111 | U15: 2 | V15: - | X15: ='2 ALIYAH A'!T15:T44 -> 109 | Y15: =T15 -> 111 | Z15: =X15+Y15 -> 220 | AA15: 26 | AB15: =Z15/AA15 -> 8 | AC15: =IF(AB15>=8.5,"الجيد الأول",IF(AB15>=7.5,"الجيد الثاني",IF(AB15>=6.5,"المتوسط الأول",IF(AB15>=5.5,"المتوسط الثاني",IF(AB15>=4.5,"الرديء",))))) -> الجيد الثاني | AE15: ='2 ALIYAH A'!U15:U44 -> 3 | AF15: =U15:U31 -> 2 | AG15: =SUM(AE15:AF15) -> 5 | AI15: ='2 ALIYAH A'!V14:V44 -> - | AJ15: =V15:V31 -> - | AK15: =SUM(AI15:AJ15) -> 0
A16: ='2 ALIYAH A'!A15:C45 -> 15 | B16: ='2 ALIYAH A'!B15:D45 -> KHOIRUNISA | C16: ='2 ALIYAH A'!C15:E45 -> 2765 | D16: 15 | E16: =TEXT(F16,"[$-2000000]0") -> ٦ | F16: 6 | G16: 0 | H16: 9 | I16: 7 | J16: 6 | K16: 5 | L16: 6 | M16: 5 | N16: 7 | O16: 5 | P16: 8 | Q16: 7 | R16: 8 | S16: 8 | T16: =SUM(E16:S16) -> 87 | U16: 1 | V16: - | X16: ='2 ALIYAH A'!T16:T45 -> 82 | Y16: =T16 -> 87 | Z16: =X16+Y16 -> 169 | AA16: 26 | AB16: =Z16/AA16 -> 7 | AC16: =IF(AB16>=8.5,"الجيد الأول",IF(AB16>=7.5,"الجيد الثاني",IF(AB16>=6.5,"المتوسط الأول",IF(AB16>=5.5,"المتوسط الثاني",IF(AB16>=4.5,"الرديء",))))) -> المتوسط الأول | AE16: ='2 ALIYAH A'!U16:U45 -> - | AF16: =U16:U31 -> 1 | AG16: =SUM(AE16:AF16) -> 1 | AI16: ='2 ALIYAH A'!V15:V45 -> - | AJ16: =V16:V31 -> - | AK16: =SUM(AI16:AJ16) -> 0
A17: ='2 ALIYAH A'!A16:C46 -> 16 | B17: ='2 ALIYAH A'!B16:D46 -> LIA WAFIQOTUL MAULA | C17: ='2 ALIYAH A'!C16:E46 -> 2699 | D17: 16 | E17: =TEXT(F17,"[$-2000000]0") -> ٩ | F17: 9 | G17: 0 | H17: 8 | I17: 9 | J17: 9 | K17: 7 | L17: 8 | M17: 5 | N17: 9 | O17: 9 | P17: 8 | Q17: 8 | R17: 8 | S17: 8 | T17: =SUM(E17:S17) -> 105 | U17: - | V17: - | X17: ='2 ALIYAH A'!T17:T46 -> 109 | Y17: =T17 -> 105 | Z17: =X17+Y17 -> 214 | AA17: 26 | AB17: =Z17/AA17 -> 8 | AC17: =IF(AB17>=8.5,"الجيد الأول",IF(AB17>=7.5,"الجيد الثاني",IF(AB17>=6.5,"المتوسط الأول",IF(AB17>=5.5,"المتوسط الثاني",IF(AB17>=4.5,"الرديء",))))) -> الجيد الثاني | AE17: ='2 ALIYAH A'!U17:U46 -> - | AF17: =U17:U31 -> - | AG17: =SUM(AE17:AF17) -> 0 | AI17: ='2 ALIYAH A'!V16:V46 -> - | AJ17: =V17:V31 -> - | AK17: =SUM(AI17:AJ17) -> 0
A18: ='2 ALIYAH A'!A17:C47 -> 17 | B18: ='2 ALIYAH A'!B17:D47 -> MUMAYIZAH | C18: ='2 ALIYAH A'!C17:E47 -> 2872 | D18: 17 | E18: =TEXT(F18,"[$-2000000]0") -> ٧ | F18: 7 | G18: 0 | H18: 9 | I18: 8 | J18: 5 | K18: 7 | L18: 5 | M18: 8 | N18: 9 | O18: 9 | P18: 8 | Q18: 8 | R18: 8 | S18: 8 | T18: =SUM(E18:S18) -> 99 | U18: - | V18: - | X18: ='2 ALIYAH A'!T18:T47 -> 95 | Y18: =T18 -> 99 | Z18: =X18+Y18 -> 194 | AA18: 26 | AB18: =Z18/AA18 -> 7 | AC18: =IF(AB18>=8.5,"الجيد الأول",IF(AB18>=7.5,"الجيد الثاني",IF(AB18>=6.5,"المتوسط الأول",IF(AB18>=5.5,"المتوسط الثاني",IF(AB18>=4.5,"الرديء",))))) -> المتوسط الأول | AE18: ='2 ALIYAH A'!U18:U47 -> - | AF18: =U18:U31 -> - | AG18: =SUM(AE18:AF18) -> 0 | AI18: ='2 ALIYAH A'!V17:V47 -> - | AJ18: =V18:V31 -> - | AK18: =SUM(AI18:AJ18) -> 0
A19: ='2 ALIYAH A'!A18:C48 -> 18 | B19: ='2 ALIYAH A'!B18:D48 -> NASYWA NAZWA | C19: ='2 ALIYAH A'!C18:E48 -> 2837 | D19: 18 | E19: =TEXT(F19,"[$-2000000]0") -> ٨ | F19: 8 | G19: 0 | H19: 8 | I19: 9 | J19: 6 | K19: 5 | L19: 7 | M19: 7 | N19: 5 | O19: 8 | P19: 7 | Q19: 7 | R19: 8 | S19: 8 | T19: =SUM(E19:S19) -> 93 | U19: 1 | V19: - | X19: ='2 ALIYAH A'!T19:T48 -> 88 | Y19: =T19 -> 93 | Z19: =X19+Y19 -> 181 | AA19: 26 | AB19: =Z19/AA19 -> 7 | AC19: =IF(AB19>=8.5,"الجيد الأول",IF(AB19>=7.5,"الجيد الثاني",IF(AB19>=6.5,"المتوسط الأول",IF(AB19>=5.5,"المتوسط الثاني",IF(AB19>=4.5,"الرديء",))))) -> المتوسط الأول | AE19: ='2 ALIYAH A'!U19:U48 -> 1 | AF19: =U19:U31 -> 1 | AG19: =SUM(AE19:AF19) -> 2 | AI19: ='2 ALIYAH A'!V18:V48 -> - | AJ19: =V19:V31 -> - | AK19: =SUM(AI19:AJ19) -> 0
A20: ='2 ALIYAH A'!A19:C49 -> 19 | B20: ='2 ALIYAH A'!B19:D49 -> NIRMALA | C20: ='2 ALIYAH A'!C19:E49 -> 2901 | D20: 19 | E20: =TEXT(F20,"[$-2000000]0") -> ٧ | F20: 7 | G20: 0 | H20: 7 | I20: 8 | J20: 6 | K20: 6 | L20: 8 | M20: 5 | N20: 5 | O20: 5 | P20: 8 | Q20: 8 | R20: 8 | S20: 8 | T20: =SUM(E20:S20) -> 89 | U20: - | V20: - | X20: ='2 ALIYAH A'!T20:T49 -> 93 | Y20: =T20 -> 89 | Z20: =X20+Y20 -> 182 | AA20: 26 | AB20: =Z20/AA20 -> 7 | AC20: =IF(AB20>=8.5,"الجيد الأول",IF(AB20>=7.5,"الجيد الثاني",IF(AB20>=6.5,"المتوسط الأول",IF(AB20>=5.5,"المتوسط الثاني",IF(AB20>=4.5,"الرديء",))))) -> المتوسط الأول | AE20: ='2 ALIYAH A'!U20:U49 -> - | AF20: =U20:U31 -> - | AG20: =SUM(AE20:AF20) -> 0 | AI20: ='2 ALIYAH A'!V19:V49 -> 1 | AJ20: =V20:V31 -> - | AK20: =SUM(AI20:AJ20) -> 1
A21: ='2 ALIYAH A'!A20:C50 -> 20 | B21: ='2 ALIYAH A'!B20:D50 -> NUR FADILAH | C21: ='2 ALIYAH A'!C20:E50 -> 2697 | D21: 20 | E21: =TEXT(F21,"[$-2000000]0") -> ٦ | F21: 6 | G21: 0 | H21: 8 | I21: 5 | J21: 7 | K21: 5 | L21: 6 | M21: 5 | N21: 6 | O21: 7 | P21: 8 | Q21: 7 | R21: 8 | S21: 8 | T21: =SUM(E21:S21) -> 86 | U21: 1 | V21: - | X21: ='2 ALIYAH A'!T21:T50 -> 79 | Y21: =T21 -> 86 | Z21: =X21+Y21 -> 165 | AA21: 26 | AB21: =Z21/AA21 -> 6 | AC21: =IF(AB21>=8.5,"الجيد الأول",IF(AB21>=7.5,"الجيد الثاني",IF(AB21>=6.5,"المتوسط الأول",IF(AB21>=5.5,"المتوسط الثاني",IF(AB21>=4.5,"الرديء",))))) -> المتوسط الثاني | AE21: ='2 ALIYAH A'!U21:U50 -> - | AF21: =U21:U31 -> 1 | AG21: =SUM(AE21:AF21) -> 1 | AI21: ='2 ALIYAH A'!V20:V50 -> - | AJ21: =V21:V31 -> - | AK21: =SUM(AI21:AJ21) -> 0
A22: ='2 ALIYAH A'!A21:C51 -> 21 | B22: ='2 ALIYAH A'!B21:D51 -> PASYA TIFANI | C22: ='2 ALIYAH A'!C21:E51 -> 2670 | D22: 21 | E22: =TEXT(F22,"[$-2000000]0") -> ٨ | F22: 8 | G22: 0 | H22: 9 | I22: 9 | J22: 8 | K22: 7 | L22: 9 | M22: 5 | N22: 7 | O22: 9 | P22: 8 | Q22: 8 | R22: 8 | S22: 8 | T22: =SUM(E22:S22) -> 103 | U22: - | V22: - | X22: ='2 ALIYAH A'!T22:T51 -> 91 | Y22: =T22 -> 103 | Z22: =X22+Y22 -> 194 | AA22: 26 | AB22: =Z22/AA22 -> 7 | AC22: =IF(AB22>=8.5,"الجيد الأول",IF(AB22>=7.5,"الجيد الثاني",IF(AB22>=6.5,"المتوسط الأول",IF(AB22>=5.5,"المتوسط الثاني",IF(AB22>=4.5,"الرديء",))))) -> المتوسط الأول | AE22: ='2 ALIYAH A'!U22:U51 -> - | AF22: =U22:U31 -> - | AG22: =SUM(AE22:AF22) -> 0 | AI22: ='2 ALIYAH A'!V21:V51 -> - | AJ22: =V22:V31 -> - | AK22: =SUM(AI22:AJ22) -> 0
A23: ='2 ALIYAH A'!A22:C52 -> 22 | B23: ='2 ALIYAH A'!B22:D52 -> QURROTUL AINI | C23: ='2 ALIYAH A'!C22:E52 -> 2779 | D23: 22 | E23: =TEXT(F23,"[$-2000000]0") -> ٦ | F23: 6 | G23: 0 | H23: 7 | I23: 9 | J23: 5 | K23: 5 | L23: 5 | M23: 5 | N23: 5 | O23: 5 | P23: 8 | Q23: 7 | R23: 8 | S23: 8 | T23: =SUM(E23:S23) -> 83 | U23: - | V23: - | X23: ='2 ALIYAH A'!T23:T52 -> 85 | Y23: =T23 -> 83 | Z23: =X23+Y23 -> 168 | AA23: 26 | AB23: =Z23/AA23 -> 6 | AC23: =IF(AB23>=8.5,"الجيد الأول",IF(AB23>=7.5,"الجيد الثاني",IF(AB23>=6.5,"المتوسط الأول",IF(AB23>=5.5,"المتوسط الثاني",IF(AB23>=4.5,"الرديء",))))) -> المتوسط الثاني | AE23: ='2 ALIYAH A'!U23:U52 -> - | AF23: =U23:U31 -> - | AG23: =SUM(AE23:AF23) -> 0 | AI23: ='2 ALIYAH A'!V22:V52 -> 1 | AJ23: =V23:V31 -> - | AK23: =SUM(AI23:AJ23) -> 1
A24: ='2 ALIYAH A'!A23:C53 -> 23 | B24: ='2 ALIYAH A'!B23:D53 -> RETA PUTRI AMALIA | C24: ='2 ALIYAH A'!C23:E53 -> 2674 | D24: 23 | E24: =TEXT(F24,"[$-2000000]0") -> ٥ | F24: 5 | G24: 0 | H24: 6 | I24: 5 | J24: 5 | K24: 5 | L24: 5 | M24: 5 | N24: 5 | O24: 5 | P24: 7 | Q24: 7 | R24: 7 | S24: 8 | T24: =SUM(E24:S24) -> 75 | U24: - | V24: - | X24: ='2 ALIYAH A'!T24:T53 -> 72 | Y24: =T24 -> 75 | Z24: =X24+Y24 -> 147 | AA24: 26 | AB24: =Z24/AA24 -> 6 | AC24: =IF(AB24>=8.5,"الجيد الأول",IF(AB24>=7.5,"الجيد الثاني",IF(AB24>=6.5,"المتوسط الأول",IF(AB24>=5.5,"المتوسط الثاني",IF(AB24>=4.5,"الرديء",))))) -> المتوسط الثاني | AE24: ='2 ALIYAH A'!U24:U53 -> - | AF24: =U24:U31 -> - | AG24: =SUM(AE24:AF24) -> 0 | AI24: ='2 ALIYAH A'!V23:V53 -> - | AJ24: =V24:V31 -> - | AK24: =SUM(AI24:AJ24) -> 0
A25: ='2 ALIYAH A'!A24:C54 -> 24 | B25: ='2 ALIYAH A'!B24:D54 -> ROYDHOTUL MAGHFIROH | C25: ='2 ALIYAH A'!C24:E54 -> 2675 | D25: 24 | E25: =TEXT(F25,"[$-2000000]0") -> ٧ | F25: 7 | G25: 0 | H25: 9 | I25: 8 | J25: 8 | K25: 7 | L25: 8 | M25: 7 | N25: 8 | O25: 7 | P25: 8 | Q25: 8 | R25: 8 | S25: 8 | T25: =SUM(E25:S25) -> 101 | U25: - | V25: - | X25: ='2 ALIYAH A'!T25:T54 -> 88 | Y25: =T25 -> 101 | Z25: =X25+Y25 -> 189 | AA25: 26 | AB25: =Z25/AA25 -> 7 | AC25: =IF(AB25>=8.5,"الجيد الأول",IF(AB25>=7.5,"الجيد الثاني",IF(AB25>=6.5,"المتوسط الأول",IF(AB25>=5.5,"المتوسط الثاني",IF(AB25>=4.5,"الرديء",))))) -> المتوسط الأول | AE25: ='2 ALIYAH A'!U25:U54 -> - | AF25: =U25:U32 -> - | AG25: =SUM(AE25:AF25) -> 0 | AI25: ='2 ALIYAH A'!V24:V54 -> - | AJ25: =V25:V31 -> - | AK25: =SUM(AI25:AJ25) -> 0
A26: ='2 ALIYAH A'!A25:C55 -> 25 | B26: ='2 ALIYAH A'!B25:D55 -> SAILYN NAJA | C26: ='2 ALIYAH A'!C25:E55 -> 2748 | D26: 25 | E26: =TEXT(F26,"[$-2000000]0") -> ٨ | F26: 8 | G26: 0 | H26: 9 | I26: 9 | J26: 9 | K26: 8 | L26: 6 | M26: 7 | N26: 9 | O26: 7 | P26: 8 | Q26: 8 | R26: 8 | S26: 8 | T26: =SUM(E26:S26) -> 104 | U26: - | V26: - | X26: ='2 ALIYAH A'!T26:T55 -> 97 | Y26: =T26 -> 104 | Z26: =X26+Y26 -> 201 | AA26: 26 | AB26: =Z26/AA26 -> 8 | AC26: =IF(AB26>=8.5,"الجيد الأول",IF(AB26>=7.5,"الجيد الثاني",IF(AB26>=6.5,"المتوسط الأول",IF(AB26>=5.5,"المتوسط الثاني",IF(AB26>=4.5,"الرديء",))))) -> الجيد الثاني | AE26: ='2 ALIYAH A'!U26:U55 -> - | AF26: =U26:U33 -> - | AG26: =SUM(AE26:AF26) -> 0 | AI26: ='2 ALIYAH A'!V25:V55 -> - | AJ26: =V26:V31 -> - | AK26: =SUM(AI26:AJ26) -> 0
A27: ='2 ALIYAH A'!A26:C56 -> 26 | B27: ='2 ALIYAH A'!B26:D56 -> SALAMAH NAILUL MUNA | C27: ='2 ALIYAH A'!C26:E56 -> 2677 | D27: 26 | E27: =TEXT(F27,"[$-2000000]0") -> ٩ | F27: 9 | G27: 0 | H27: 9 | I27: 9 | J27: 9 | K27: 9 | L27: 9 | M27: 9 | N27: 9 | O27: 9 | P27: 8 | Q27: 8 | R27: 8 | S27: 8 | T27: =SUM(E27:S27) -> 113 | U27: 8 | V27: - | X27: ='2 ALIYAH A'!T27:T56 -> 113 | Y27: =T27 -> 113 | Z27: =X27+Y27 -> 226 | AA27: 26 | AB27: =Z27/AA27 -> 9 | AC27: =IF(AB27>=8.5,"الجيد الأول",IF(AB27>=7.5,"الجيد الثاني",IF(AB27>=6.5,"المتوسط الأول",IF(AB27>=5.5,"المتوسط الثاني",IF(AB27>=4.5,"الرديء",))))) -> الجيد الأول | AE27: ='2 ALIYAH A'!U27:U56 -> 8 | AF27: =U27:U34 -> 8 | AG27: =SUM(AE27:AF27) -> 16 | AI27: ='2 ALIYAH A'!V26:V56 -> - | AJ27: =V27:V31 -> - | AK27: =SUM(AI27:AJ27) -> 0
A28: ='2 ALIYAH A'!A27:C57 -> 27 | B28: ='2 ALIYAH A'!B27:D57 -> SOFWI SAIDATIL UKHROWIYAH | C28: ='2 ALIYAH A'!C27:E57 -> 2848 | D28: 27 | E28: =TEXT(F28,"[$-2000000]0") -> ٦ | F28: 6 | G28: 0 | H28: 7 | I28: 9 | J28: 9 | K28: 8 | L28: 9 | M28: 7 | N28: 6 | O28: 7 | P28: 8 | Q28: 8 | R28: 8 | S28: 8 | T28: =SUM(E28:S28) -> 100 | U28: - | V28: - | X28: ='2 ALIYAH A'!T28:T57 -> 96 | Y28: =T28 -> 100 | Z28: =X28+Y28 -> 196 | AA28: 26 | AB28: =Z28/AA28 -> 8 | AC28: =IF(AB28>=8.5,"الجيد الأول",IF(AB28>=7.5,"الجيد الثاني",IF(AB28>=6.5,"المتوسط الأول",IF(AB28>=5.5,"المتوسط الثاني",IF(AB28>=4.5,"الرديء",))))) -> الجيد الثاني | AE28: ='2 ALIYAH A'!U28:U57 -> - | AF28: =U28:U35 -> - | AG28: =SUM(AE28:AF28) -> 0 | AI28: ='2 ALIYAH A'!V27:V57 -> - | AJ28: =V28:V31 -> - | AK28: =SUM(AI28:AJ28) -> 0
A29: ='2 ALIYAH A'!A28:C58 -> 28 | B29: ='2 ALIYAH A'!B28:D58 -> VIERA ADELIA PUTRI | C29: ='2 ALIYAH A'!C28:E58 -> 2714 | D29: 28 | E29: =TEXT(F29,"[$-2000000]0") -> ٨ | F29: 8 | G29: 0 | H29: 9 | I29: 9 | J29: 9 | K29: 8 | L29: 8 | M29: 8 | N29: 7 | O29: 8 | P29: 8 | Q29: 8 | R29: 8 | S29: 8 | T29: =SUM(E29:S29) -> 106 | U29: - | V29: - | X29: ='2 ALIYAH A'!T29:T58 -> 104 | Y29: =T29 -> 106 | Z29: =X29+Y29 -> 210 | AA29: 26 | AB29: =Z29/AA29 -> 8 | AC29: =IF(AB29>=8.5,"الجيد الأول",IF(AB29>=7.5,"الجيد الثاني",IF(AB29>=6.5,"المتوسط الأول",IF(AB29>=5.5,"المتوسط الثاني",IF(AB29>=4.5,"الرديء",))))) -> الجيد الثاني | AE29: ='2 ALIYAH A'!U29:U58 -> - | AF29: =U29:U36 -> - | AG29: =SUM(AE29:AF29) -> 0 | AI29: ='2 ALIYAH A'!V28:V58 -> - | AJ29: =V29:V31 -> - | AK29: =SUM(AI29:AJ29) -> 0
A30: ='2 ALIYAH A'!A29:C59 -> 29 | B30: ='2 ALIYAH A'!B29:D59 -> VINA AEINUL MAWADAH | C30: ='2 ALIYAH A'!C29:E59 -> 2716 | D30: 29 | E30: =TEXT(F30,"[$-2000000]0") -> ٥ | F30: 5 | G30: 0 | H30: 6 | I30: 7 | J30: 5 | K30: 7 | L30: 6 | M30: 5 | N30: 5 | O30: 6 | P30: 8 | Q30: 7 | R30: 8 | S30: 8 | T30: =SUM(E30:S30) -> 83 | U30: - | V30: 1 | X30: ='2 ALIYAH A'!T30:T59 -> 82 | Y30: =T30 -> 83 | Z30: =X30+Y30 -> 165 | AA30: 26 | AB30: =Z30/AA30 -> 6 | AC30: =IF(AB30>=8.5,"الجيد الأول",IF(AB30>=7.5,"الجيد الثاني",IF(AB30>=6.5,"المتوسط الأول",IF(AB30>=5.5,"المتوسط الثاني",IF(AB30>=4.5,"الرديء",))))) -> المتوسط الثاني | AE30: ='2 ALIYAH A'!U30:U59 -> - | AF30: =U30:U37 -> - | AG30: =SUM(AE30:AF30) -> 0 | AI30: ='2 ALIYAH A'!V29:V59 -> - | AJ30: =V30:V31 -> 1 | AK30: =SUM(AI30:AJ30) -> 1
A31: ='2 ALIYAH A'!A30:C60 -> 30 | B31: ='2 ALIYAH A'!B30:D60 -> ZAHWA FARADISA LA’LA’AL HAQ AL-ANIZA | C31: ='2 ALIYAH A'!C30:E60 -> 2916 | D31: 30 | E31: =TEXT(F31,"[$-2000000]0") -> ٩ | F31: 9 | G31: 0 | H31: 0 | I31: 9 | J31: 9 | K31: 8 | L31: 9 | M31: 9 | N31: 9 | O31: 9 | P31: 8 | Q31: 8 | R31: 8 | S31: 8 | T31: =SUM(E31:S31) -> 103 | U31: - | V31: - | X31: ='2 ALIYAH A'!T31:T60 -> 111 | Y31: =T31 -> 103 | Z31: =X31+Y31 -> 214 | AA31: 26 | AB31: =Z31/AA31 -> 8 | AC31: =IF(AB31>=8.5,"الجيد الأول",IF(AB31>=7.5,"الجيد الثاني",IF(AB31>=6.5,"المتوسط الأول",IF(AB31>=5.5,"المتوسط الثاني",IF(AB31>=4.5,"الرديء",))))) -> الجيد الثاني | AE31: ='2 ALIYAH A'!U31:U60 -> 1 | AF31: =U31:U38 -> - | AG31: =SUM(AE31:AF31) -> 1 | AI31: ='2 ALIYAH A'!V30:V60 -> 2 | AJ31: =V31:V31 -> - | AK31: =SUM(AI31:AJ31) -> 2
B32: NILAI 'AM | E32: =TEXT(F32,"[$-2000000]0") -> ٢١٠ | F32: =SUM(F2:F31) -> 210 | G32: =SUM(G2:G31) -> 0 | H32: =SUM(H2:H31) -> 228 | I32: =SUM(I2:I31) -> 240 | J32: =SUM(J2:J31) -> 208 | K32: =SUM(K2:K31) -> 201 | L32: =SUM(L2:L31) -> 215 | M32: =SUM(M2:M31) -> 190 | ... S32: =SUM(S2:S31) -> 232 | Y32: =T32 -> 0 | Z32: =X32+Y32 -> 0 | AA32: 26 | AE32: ='2 ALIYAH A'!U32:U72 -> - | AF32: =U32:U53 -> 0 | AG32: =SUM(AE32:AF32) -> 0 | AI32: ='2 ALIYAH A'!V32:V75 -> - | AJ32: =V32:V32 -> 0 | AK32: =SUM(AI32:AJ32) -> 0
X33: ='2 ALIYAH A'!T32:T76 -> 0 | Y33: =T33 -> 0 | Z33: =X33+Y33 -> 0 | AA33: 26 | AB33: =Z33/AA33 -> 0 | AC33: =IF(AB33>=8.5,"الجيد الأول",IF(AB33>=7.5,"الجيد الثاني",IF(AB33>=6.5,"المتوسط الأول",IF(AB33>=5.5,"المتوسط الثاني",IF(AB33>=4.5,"الرديء",))))) -> 0 | AE33: ='2 ALIYAH A'!U32:U76 -> 0 | AF33: =U33:U54 -> 0 | AG33: =SUM(AE33:AF33) -> 0 | AI33: ='2 ALIYAH A'!V32:V76 -> 0 | AJ33: =V33:V33 -> 0 | AK33: =SUM(AI33:AJ33) -> 0
X34: ='2 ALIYAH A'!T33:T77 -> 0 | Y34: =T34 -> 0 | Z34: =X34+Y34 -> 0 | AA34: 26 | AB34: =Z34/AA34 -> 0 | AC34: =IF(AB34>=8.5,"الجيد الأول",IF(AB34>=7.5,"الجيد الثاني",IF(AB34>=6.5,"المتوسط الأول",IF(AB34>=5.5,"المتوسط الثاني",IF(AB34>=4.5,"الرديء",))))) -> 0 | AE34: ='2 ALIYAH A'!U33:U77 -> 0 | AF34: =U34:U55 -> 0 | AG34: =SUM(AE34:AF34) -> 0 | AI34: ='2 ALIYAH A'!V33:V77 -> 0 | AJ34: =V34:V34 -> 0 | AK34: =SUM(AI34:AJ34) -> 0
X35: ='2 ALIYAH A'!T34:T78 -> 0 | Y35: =T35 -> 0 | Z35: =X35+Y35 -> 0 | AA35: 26 | AB35: =Z35/AA35 -> 0 | AC35: =IF(AB35>=8.5,"الجيد الأول",IF(AB35>=7.5,"الجيد الثاني",IF(AB35>=6.5,"المتوسط الأول",IF(AB35>=5.5,"المتوسط الثاني",IF(AB35>=4.5,"الرديء",))))) -> 0 | AE35: ='2 ALIYAH A'!U34:U78 -> 0 | AF35: =U35:U56 -> 0 | AG35: =SUM(AE35:AF35) -> 0 | AI35: ='2 ALIYAH A'!V34:V78 -> 0 | AJ35: =V35:V35 -> 0 | AK35: =SUM(AI35:AJ35) -> 0
H36: NILAI 'AM | X36: ='2 ALIYAH A'!T35:T79 -> 0 | Y36: =T36 -> 0 | Z36: =X36+Y36 -> 0 | AA36: 26 | AB36: =Z36/AA36 -> 0 | AC36: =IF(AB36>=8.5,"الجيد الأول",IF(AB36>=7.5,"الجيد الثاني",IF(AB36>=6.5,"المتوسط الأول",IF(AB36>=5.5,"المتوسط الثاني",IF(AB36>=4.5,"الرديء",))))) -> 0 | AE36: ='2 ALIYAH A'!U35:U79 -> 0 | AF36: =U36:U57 -> 0 | AG36: =SUM(AE36:AF36) -> 0 | AI36: ='2 ALIYAH A'!V35:V79 -> 0 | AJ36: =V36:V36 -> 0 | AK36: =SUM(AI36:AJ36) -> 0
H37: =E32/D31 -> 7 | X37: ='2 ALIYAH A'!T36:T80 -> 0 | Y37: =T37 -> 0 | Z37: =X37+Y37 -> 0 | AA37: 26 | AB37: =Z37/AA37 -> 0 | AC37: =IF(AB37>=8.5,"الجيد الأول",IF(AB37>=7.5,"الجيد الثاني",IF(AB37>=6.5,"المتوسط الأول",IF(AB37>=5.5,"المتوسط الثاني",IF(AB37>=4.5,"الرديء",))))) -> 0 | AE37: ='2 ALIYAH A'!U36:U80 -> 0 | AF37: =U37:U58 -> 0 | AG37: =SUM(AE37:AF37) -> 0 | AI37: ='2 ALIYAH A'!V36:V80 -> 0 | AJ37: =V37:V37 -> 0 | AK37: =SUM(AI37:AJ37) -> 0
H38: =G32/D31 -> 0 | L38: PRESTASI BEDA DENGAN BAPAKNYA | X38: ='2 ALIYAH A'!T37:T81 -> 0 | Y38: =T38 -> 0 | Z38: =X38+Y38 -> 0 | AA38: 26 | AB38: =Z38/AA38 -> 0 | AC38: =IF(AB38>=8.5,"الجيد الأول",IF(AB38>=7.5,"الجيد الثاني",IF(AB38>=6.5,"المتوسط الأول",IF(AB38>=5.5,"المتوسط الثاني",IF(AB38>=4.5,"الرديء",))))) -> 0 | AE38: ='2 ALIYAH A'!U37:U81 -> 0 | AF38: =U38:U59 -> 0 | AG38: =SUM(AE38:AF38) -> 0 | AI38: ='2 ALIYAH A'!V37:V81 -> 0 | AJ38: =V38:V38 -> 0 | AK38: =SUM(AI38:AJ38) -> 0
H39: =H32/D31 -> 8 | L39: HER2AN | X39: ='2 ALIYAH A'!T38:T82 -> 0 | Y39: =T39 -> 0 | Z39: =X39+Y39 -> 0 | AA39: 26 | AB39: =Z39/AA39 -> 0 | AC39: =IF(AB39>=8.5,"الجيد الأول",IF(AB39>=7.5,"الجيد الثاني",IF(AB39>=6.5,"المتوسط الأول",IF(AB39>=5.5,"المتوسط الثاني",IF(AB39>=4.5,"الرديء",))))) -> 0 | AE39: ='2 ALIYAH A'!U38:U82 -> 0 | AF39: =U39:U60 -> 0 | AG39: =SUM(AE39:AF39) -> 0 | AI39: ='2 ALIYAH A'!V38:V82 -> 0 | AJ39: =V39:V39 -> 0 | AK39: =SUM(AI39:AJ39) -> 0
H40: =I32/D31 -> 8 | X40: ='2 ALIYAH A'!T39:T83 -> 0 | Y40: =T40 -> 0 | Z40: =X40+Y40 -> 0 | AA40: 26 | AB40: =Z40/AA40 -> 0 | AC40: =IF(AB40>=8.5,"الجيد الأول",IF(AB40>=7.5,"الجيد الثاني",IF(AB40>=6.5,"المتوسط الأول",IF(AB40>=5.5,"المتوسط الثاني",IF(AB40>=4.5,"الرديء",))))) -> 0 | AE40: ='2 ALIYAH A'!U39:U83 -> 0 | AF40: =U40:U61 -> 0 | AG40: =SUM(AE40:AF40) -> 0 | AI40: ='2 ALIYAH A'!V39:V83 -> 0 | AJ40: =V40:V40 -> 0 | AK40: =SUM(AI40:AJ40) -> 0
H41: =J32/D31 -> 7 | X41: ='2 ALIYAH A'!T40:T84 -> 0 | Y41: =T41 -> 0 | Z41: =X41+Y41 -> 0 | AA41: 26 | AB41: =Z41/AA41 -> 0 | AC41: =IF(AB41>=8.5,"الجيد الأول",IF(AB41>=7.5,"الجيد الثاني",IF(AB41>=6.5,"المتوسط الأول",IF(AB41>=5.5,"المتوسط الثاني",IF(AB41>=4.5,"الرديء",))))) -> 0 | AE41: ='2 ALIYAH A'!U40:U84 -> 0 | AF41: =U41:U62 -> 0 | AG41: =SUM(AE41:AF41) -> 0 | AI41: ='2 ALIYAH A'!V40:V84 -> 0 | AJ41: =V41:V41 -> 0 | AK41: =SUM(AI41:AJ41) -> 0
H42: =K32/D31 -> 7 | X42: ='2 ALIYAH A'!T41:T85 -> 0 | Y42: =T42 -> 0 | Z42: =X42+Y42 -> 0 | AA42: 26 | AB42: =Z42/AA42 -> 0 | AC42: =IF(AB42>=8.5,"الجيد الأول",IF(AB42>=7.5,"الجيد الثاني",IF(AB42>=6.5,"المتوسط الأول",IF(AB42>=5.5,"المتوسط الثاني",IF(AB42>=4.5,"الرديء",))))) -> 0 | AE42: ='2 ALIYAH A'!U41:U85 -> 0 | AF42: =U42:U63 -> 0 | AG42: =SUM(AE42:AF42) -> 0 | AI42: ='2 ALIYAH A'!V41:V85 -> 0 | AJ42: =V42:V42 -> 0 | AK42: =SUM(AI42:AJ42) -> 0
H43: =L32/D31 -> 7 | X43: ='2 ALIYAH A'!T42:T86 -> 0 | Y43: =T43 -> 0 | Z43: =X43+Y43 -> 0 | AA43: 26 | AB43: =Z43/AA43 -> 0 | AC43: =IF(AB43>=8.5,"الجيد الأول",IF(AB43>=7.5,"الجيد الثاني",IF(AB43>=6.5,"المتوسط الأول",IF(AB43>=5.5,"المتوسط الثاني",IF(AB43>=4.5,"الرديء",))))) -> 0 | AE43: ='2 ALIYAH A'!U42:U86 -> 0 | AF43: =U43:U64 -> 0 | AG43: =SUM(AE43:AF43) -> 0 | AI43: ='2 ALIYAH A'!V42:V86 -> 0 | AJ43: =V43:V43 -> 0 | AK43: =SUM(AI43:AJ43) -> 0
H44: =M32/D31 -> 6 | X44: ='2 ALIYAH A'!T43:T87 -> 0 | Y44: =T44 -> 0 | Z44: =X44+Y44 -> 0 | AA44: 26 | AB44: =Z44/AA44 -> 0 | AC44: =IF(AB44>=8.5,"الجيد الأول",IF(AB44>=7.5,"الجيد الثاني",IF(AB44>=6.5,"المتوسط الأول",IF(AB44>=5.5,"المتوسط الثاني",IF(AB44>=4.5,"الرديء",))))) -> 0 | AE44: ='2 ALIYAH A'!U43:U87 -> 0 | AF44: =U44:U65 -> 0 | AG44: =SUM(AE44:AF44) -> 0 | AI44: ='2 ALIYAH A'!V43:V87 -> 0 | AJ44: =V44:V44 -> 0 | AK44: =SUM(AI44:AJ44) -> 0
H45: =N32/D31 -> 7 | X45: ='2 ALIYAH A'!T44:T88 -> 0 | Y45: =T45 -> 0 | Z45: =X45+Y45 -> 0 | AA45: 26 | AB45: =Z45/AA45 -> 0 | AC45: =IF(AB45>=8.5,"الجيد الأول",IF(AB45>=7.5,"الجيد الثاني",IF(AB45>=6.5,"المتوسط الأول",IF(AB45>=5.5,"المتوسط الثاني",IF(AB45>=4.5,"الرديء",))))) -> 0 | AE45: ='2 ALIYAH A'!U44:U88 -> 0 | AF45: =U45:U66 -> 0 | AG45: =SUM(AE45:AF45) -> 0 | AI45: ='2 ALIYAH A'!V44:V88 -> 0 | AJ45: =V45:V45 -> 0 | AK45: =SUM(AI45:AJ45) -> 0
H46: =O32/D31 -> 7 | X46: ='2 ALIYAH A'!T45:T89 -> 0 | Y46: =T46 -> 0 | Z46: =X46+Y46 -> 0 | AA46: 26 | AB46: =Z46/AA46 -> 0 | AC46: =IF(AB46>=8.5,"الجيد الأول",IF(AB46>=7.5,"الجيد الثاني",IF(AB46>=6.5,"المتوسط الأول",IF(AB46>=5.5,"المتوسط الثاني",IF(AB46>=4.5,"الرديء",))))) -> 0 | AE46: ='2 ALIYAH A'!U45:U89 -> 0 | AF46: =U46:U67 -> 0 | AG46: =SUM(AE46:AF46) -> 0 | AI46: ='2 ALIYAH A'!V45:V89 -> 0 | AJ46: =V46:V46 -> 0 | AK46: =SUM(AI46:AJ46) -> 0
H47: =P32/D31 -> 8 | X47: ='2 ALIYAH A'!T46:T90 -> 0 | Y47: =T47 -> 0 | Z47: =X47+Y47 -> 0 | AA47: 26 | AB47: =Z47/AA47 -> 0 | AC47: =IF(AB47>=8.5,"الجيد الأول",IF(AB47>=7.5,"الجيد الثاني",IF(AB47>=6.5,"المتوسط الأول",IF(AB47>=5.5,"المتوسط الثاني",IF(AB47>=4.5,"الرديء",))))) -> 0 | AE47: ='2 ALIYAH A'!U46:U90 -> 0 | AF47: =U47:U68 -> 0 | AG47: =SUM(AE47:AF47) -> 0 | AI47: ='2 ALIYAH A'!V46:V90 -> 0 | AJ47: =V47:V47 -> 0 | AK47: =SUM(AI47:AJ47) -> 0
H48: =Q32/D31 -> 7 | X48: ='2 ALIYAH A'!T47:T91 -> 0 | Y48: =T48 -> 0 | Z48: =X48+Y48 -> 0 | AA48: 26 | AB48: =Z48/AA48 -> 0 | AC48: =IF(AB48>=8.5,"الجيد الأول",IF(AB48>=7.5,"الجيد الثاني",IF(AB48>=6.5,"المتوسط الأول",IF(AB48>=5.5,"المتوسط الثاني",IF(AB48>=4.5,"الرديء",))))) -> 0 | AE48: ='2 ALIYAH A'!U47:U91 -> 0 | AF48: =U48:U69 -> 0 | AG48: =SUM(AE48:AF48) -> 0 | AI48: ='2 ALIYAH A'!V47:V91 -> 0 | AJ48: =V48:V48 -> 0 | AK48: =SUM(AI48:AJ48) -> 0
H49: =R32/D31 -> 8 | X49: ='2 ALIYAH A'!T48:T92 -> 0 | Y49: =T49 -> 0 | Z49: =X49+Y49 -> 0 | AA49: 26 | AB49: =Z49/AA49 -> 0 | AC49: =IF(AB49>=8.5,"الجيد الأول",IF(AB49>=7.5,"الجيد الثاني",IF(AB49>=6.5,"المتوسط الأول",IF(AB49>=5.5,"المتوسط الثاني",IF(AB49>=4.5,"الرديء",))))) -> 0 | AE49: ='2 ALIYAH A'!U48:U92 -> 0 | AF49: =U49:U70 -> 0 | AG49: =SUM(AE49:AF49) -> 0 | AI49: ='2 ALIYAH A'!V48:V92 -> 0 | AJ49: =V49:V49 -> 0 | AK49: =SUM(AI49:AJ49) -> 0
H50: =S32/D31 -> 8 | X50: ='2 ALIYAH A'!T49:T93 -> 0 | Y50: =T50 -> 0 | Z50: =X50+Y50 -> 0 | AA50: 26 | AB50: =Z50/AA50 -> 0 | AC50: =IF(AB50>=8.5,"الجيد الأول",IF(AB50>=7.5,"الجيد الثاني",IF(AB50>=6.5,"المتوسط الأول",IF(AB50>=5.5,"المتوسط الثاني",IF(AB50>=4.5,"الرديء",))))) -> 0 | AE50: ='2 ALIYAH A'!U49:U93 -> 0 | AF50: =U50:U71 -> 0 | AG50: =SUM(AE50:AF50) -> 0 | AI50: ='2 ALIYAH A'!V49:V93 -> 0 | AJ50: =V50:V50 -> 0 | AK50: =SUM(AI50:AJ50) -> 0
H51: =SUM(H37:H50) -> 95 | X51: ='2 ALIYAH A'!T50:T94 -> 0 | Y51: =T51 -> 0 | Z51: =X51+Y51 -> 0 | AA51: 26 | AB51: =Z51/AA51 -> 0 | AC51: =IF(AB51>=8.5,"الجيد الأول",IF(AB51>=7.5,"الجيد الثاني",IF(AB51>=6.5,"المتوسط الأول",IF(AB51>=5.5,"المتوسط الثاني",IF(AB51>=4.5,"الرديء",))))) -> 0 | AE51: ='2 ALIYAH A'!U50:U94 -> 0 | AF51: =U51:U72 -> 0 | AG51: =SUM(AE51:AF51) -> 0 | AI51: ='2 ALIYAH A'!V50:V94 -> 0 | AJ51: =V51:V51 -> 0 | AK51: =SUM(AI51:AJ51) -> 0
X52: ='2 ALIYAH A'!T51:T95 -> 0 | Y52: =T52 -> 0 | Z52: =X52+Y52 -> 0 | AA52: 26 | AB52: =Z52/AA52 -> 0 | AC52: =IF(AB52>=8.5,"الجيد الأول",IF(AB52>=7.5,"الجيد الثاني",IF(AB52>=6.5,"المتوسط الأول",IF(AB52>=5.5,"المتوسط الثاني",IF(AB52>=4.5,"الرديء",))))) -> 0 | AE52: ='2 ALIYAH A'!U51:U95 -> 0 | AF52: =U52:U73 -> 0 | AG52: =SUM(AE52:AF52) -> 0 | AI52: ='2 ALIYAH A'!V51:V95 -> 0 | AJ52: =V52:V52 -> 0 | AK52: =SUM(AI52:AJ52) -> 0
X53: ='2 ALIYAH A'!T52:T96 -> 0 | Y53: =T53 -> 0 | Z53: =X53+Y53 -> 0 | AA53: 26 | AB53: =Z53/AA53 -> 0 | AC53: =IF(AB53>=8.5,"الجيد الأول",IF(AB53>=7.5,"الجيد الثاني",IF(AB53>=6.5,"المتوسط الأول",IF(AB53>=5.5,"المتوسط الثاني",IF(AB53>=4.5,"الرديء",))))) -> 0 | AE53: ='2 ALIYAH A'!U52:U96 -> 0 | AF53: =U53:U74 -> 0 | AG53: =SUM(AE53:AF53) -> 0 | AI53: ='2 ALIYAH A'!V52:V96 -> 0 | AJ53: =V53:V53 -> 0 | AK53: =SUM(AI53:AJ53) -> 0
X54: ='2 ALIYAH A'!T53:T97 -> 0 | Y54: =T54 -> 0 | Z54: =X54+Y54 -> 0 | AA54: 26 | AB54: =Z54/AA54 -> 0 | AC54: =IF(AB54>=8.5,"الجيد الأول",IF(AB54>=7.5,"الجيد الثاني",IF(AB54>=6.5,"المتوسط الأول",IF(AB54>=5.5,"المتوسط الثاني",IF(AB54>=4.5,"الرديء",))))) -> 0 | AE54: ='2 ALIYAH A'!U53:U97 -> 0 | AF54: =U54:U75 -> 0 | AG54: =SUM(AE54:AF54) -> 0 | AI54: ='2 ALIYAH A'!V53:V97 -> 0 | AJ54: =V54:V54 -> 0 | AK54: =SUM(AI54:AJ54) -> 0
X55: ='2 ALIYAH A'!T54:T98 -> 0 | Y55: =T55 -> 0 | Z55: =X55+Y55 -> 0 | AA55: 26 | AB55: =Z55/AA55 -> 0 | AC55: =IF(AB55>=8.5,"الجيد الأول",IF(AB55>=7.5,"الجيد الثاني",IF(AB55>=6.5,"المتوسط الأول",IF(AB55>=5.5,"المتوسط الثاني",IF(AB55>=4.5,"الرديء",))))) -> 0 | AE55: ='2 ALIYAH A'!U54:U98 -> 0 | AF55: =U55:U76 -> 0 | AG55: =SUM(AE55:AF55) -> 0 | AI55: ='2 ALIYAH A'!V54:V98 -> 0 | AJ55: =V55:V55 -> 0 | AK55: =SUM(AI55:AJ55) -> 0
X56: ='2 ALIYAH A'!T55:T99 -> 0 | Y56: =T56 -> 0 | Z56: =X56+Y56 -> 0 | AA56: 26 | AB56: =Z56/AA56 -> 0 | AC56: =IF(AB56>=8.5,"الجيد الأول",IF(AB56>=7.5,"الجيد الثاني",IF(AB56>=6.5,"المتوسط الأول",IF(AB56>=5.5,"المتوسط الثاني",IF(AB56>=4.5,"الرديء",))))) -> 0 | AE56: ='2 ALIYAH A'!U55:U99 -> 0 | AF56: =U56:U77 -> 0 | AG56: =SUM(AE56:AF56) -> 0 | AI56: ='2 ALIYAH A'!V55:V99 -> 0 | AJ56: =V56:V56 -> 0 | AK56: =SUM(AI56:AJ56) -> 0
X57: ='2 ALIYAH A'!T56:T100 -> 0 | Y57: =T57 -> 0 | Z57: =X57+Y57 -> 0 | AA57: 26 | AB57: =Z57/AA57 -> 0 | AC57: =IF(AB57>=8.5,"الجيد الأول",IF(AB57>=7.5,"الجيد الثاني",IF(AB57>=6.5,"المتوسط الأول",IF(AB57>=5.5,"المتوسط الثاني",IF(AB57>=4.5,"الرديء",))))) -> 0 | AE57: ='2 ALIYAH A'!U56:U100 -> 0 | AF57: =U57:U78 -> 0 | AG57: =SUM(AE57:AF57) -> 0 | AI57: ='2 ALIYAH A'!V56:V100 -> 0 | AJ57: =V57:V57 -> 0 | AK57: =SUM(AI57:AJ57) -> 0
X58: ='2 ALIYAH A'!T57:T101 -> 0 | Y58: =T58 -> 0 | Z58: =X58+Y58 -> 0 | AA58: 26 | AB58: =Z58/AA58 -> 0 | AC58: =IF(AB58>=8.5,"الجيد الأول",IF(AB58>=7.5,"الجيد الثاني",IF(AB58>=6.5,"المتوسط الأول",IF(AB58>=5.5,"المتوسط الثاني",IF(AB58>=4.5,"الرديء",))))) -> 0 | AE58: ='2 ALIYAH A'!U57:U101 -> 0 | AF58: =U58:U79 -> 0 | AG58: =SUM(AE58:AF58) -> 0 | AI58: ='2 ALIYAH A'!V57:V101 -> 0 | AJ58: =V58:V58 -> 0 | AK58: =SUM(AI58:AJ58) -> 0
X59: ='2 ALIYAH A'!T58:T102 -> 0 | Y59: =T59 -> 0 | Z59: =X59+Y59 -> 0 | AA59: 26 | AB59: =Z59/AA59 -> 0 | AC59: =IF(AB59>=8.5,"الجيد الأول",IF(AB59>=7.5,"الجيد الثاني",IF(AB59>=6.5,"المتوسط الأول",IF(AB59>=5.5,"المتوسط الثاني",IF(AB59>=4.5,"الرديء",))))) -> 0 | AE59: ='2 ALIYAH A'!U58:U102 -> 0 | AF59: =U59:U80 -> 0 | AG59: =SUM(AE59:AF59) -> 0 | AI59: ='2 ALIYAH A'!V58:V102 -> 0 | AJ59: =V59:V59 -> 0 | AK59: =SUM(AI59:AJ59) -> 0
X60: ='2 ALIYAH A'!T59:T103 -> 0 | Y60: =T60 -> 0 | Z60: =X60+Y60 -> 0 | AA60: 26 | AB60: =Z60/AA60 -> 0 | AC60: =IF(AB60>=8.5,"الجيد الأول",IF(AB60>=7.5,"الجيد الثاني",IF(AB60>=6.5,"المتوسط الأول",IF(AB60>=5.5,"المتوسط الثاني",IF(AB60>=4.5,"الرديء",))))) -> 0 | AE60: ='2 ALIYAH A'!U59:U103 -> 0 | AF60: =U60:U81 -> 0 | AG60: =SUM(AE60:AF60) -> 0 | AI60: ='2 ALIYAH A'!V59:V103 -> 0 | AJ60: =V60:V60 -> 0 | AK60: =SUM(AI60:AJ60) -> 0
X61: ='2 ALIYAH A'!T60:T104 -> 0 | Y61: =T61 -> 0 | Z61: =X61+Y61 -> 0 | AA61: 26 | AB61: =Z61/AA61 -> 0 | AC61: =IF(AB61>=8.5,"الجيد الأول",IF(AB61>=7.5,"الجيد الثاني",IF(AB61>=6.5,"المتوسط الأول",IF(AB61>=5.5,"المتوسط الثاني",IF(AB61>=4.5,"الرديء",))))) -> 0 | AE61: ='2 ALIYAH A'!U60:U104 -> 0 | AF61: =U61:U82 -> 0 | AG61: =SUM(AE61:AF61) -> 0 | AI61: ='2 ALIYAH A'!V60:V104 -> 0 | AJ61: =V61:V61 -> 0 | AK61: =SUM(AI61:AJ61) -> 0

Sheet 2 ALY B
A1: No. Tamrin | B1: Nama | C1: No. Stambuk | D1: JML Siswi | E1: تفسير الجلالين | G1: إتمام الدراية | H1: رياض الصالحين | I1: كفاية العوام | J1: فتح المعين | K1: تسهيل الطرقات | L1: مبادئ قواعد الفقهية | M1: عدة الفارض | N1: الفية ابن مالك | O1: بداية الهداية | P1: الخط \ الإملاء | Q1: قراءة الكتب | R1: المحافظة | S1: الأخلاق | T1: جمل أرقام الدرجات الدراسية | U1: بإذن | V1: بغيره | X1: SEMESTER I | Y1: semester II | Z1: Jumlah | AA1: pelajaran SI & S II | AB1: rata-rata | AC1: niai prestasi | AE1: S1 | AF1: S2 | AG1: JUMLAH IDZNI | AI1: S 1 | AJ1: S 2 | AK1: JUMLAH BIGHOIRIHI
A2: ='2 ALIYAH B'!A2:C33 -> 01 | B2: ='2 ALIYAH B'!B2:D33 -> AINUN NISA | C2: ='2 ALIYAH B'!C2:E33 -> 2884 | D2: 01 | E2: =TEXT(F2,"[$-2000000]0") -> ٧ | F2: 7 | G2: - | H2: 8 | I2: 9 | J2: 8 | K2: 8 | L2: 8 | M2: 8 | N2: 8 | O2: 7 | P2: 8 | Q2: 9 | R2: 8 | S2: 8 | T2: =SUM(E2:S2) -> 104 | U2: - | V2: - | X2: ='2 ALIYAH B'!T2:T33 -> 95 | Y2: =T2 -> 104 | Z2: =X2+Y2 -> 199 | AA2: 26 | AB2: =Z2/AA2 -> 8 | AC2: =IF(AB2>=8.5,"الجيد الأول",IF(AB2>=7.5,"الجيد الثاني",IF(AB2>=6.5,"المتوسط الأول",IF(AB2>=5.5,"المتوسط الثاني",IF(AB2>=4.5,"الرديء",))))) -> الجيد الثاني | AE2: ='2 ALIYAH B'!U2:U33 -> - | AF2: =U2:U33 -> - | AG2: =SUM(AE2:AF2) -> 0 | AI2: ='2 ALIYAH B'!V2:V34 -> 8 | AJ2: =V2:V24 -> - | AK2: =SUM(AI2:AJ2) -> 8
A3: ='2 ALIYAH B'!A3:C34 -> 02 | B3: ='2 ALIYAH B'!B3:D34 -> ALLENTHA SHEYNA LUNAURA Y. P. | C3: ='2 ALIYAH B'!C3:E34 -> 2722 | D3: 02 | E3: =TEXT(F3,"[$-2000000]0") -> ٦ | F3: 6 | G3: - | H3: 8 | I3: 8 | J3: 8 | K3: 7 | L3: 9 | M3: 8 | N3: 8 | O3: 8 | P3: 9 | Q3: 9 | R3: 8 | S3: 8 | T3: =SUM(E3:S3) -> 104 | U3: 1 | V3: 9 | X3: ='2 ALIYAH B'!T3:T34 -> 107 | Y3: =T3 -> 104 | Z3: =X3+Y3 -> 211 | AA3: 26 | AB3: =Z3/AA3 -> 8 | AC3: =IF(AB3>=8.5,"الجيد الأول",IF(AB3>=7.5,"الجيد الثاني",IF(AB3>=6.5,"المتوسط الأول",IF(AB3>=5.5,"المتوسط الثاني",IF(AB3>=4.5,"الرديء",))))) -> الجيد الثاني | AE3: ='2 ALIYAH B'!U3:U34 -> - | AF3: =U3:U33 -> 1 | AG3: =SUM(AE3:AF3) -> 1 | AI3: ='2 ALIYAH B'!V3:V35 -> 1 | AJ3: =V3:V25 -> 9 | AK3: =SUM(AI3:AJ3) -> 10
A4: ='2 ALIYAH B'!A4:C35 -> 03 | B4: ='2 ALIYAH B'!B4:D35 -> BINTI MARDLOTILLAH | C4: ='2 ALIYAH B'!C4:E35 -> 2652 | D4: 03 | E4: =TEXT(F4,"[$-2000000]0") -> ٩ | F4: 9 | G4: - | H4: 9 | I4: 9 | J4: 9 | K4: 9 | L4: 9 | M4: 9 | N4: 8 | O4: 9 | P4: 8 | Q4: 9 | R4: 9 | S4: 8 | T4: =SUM(E4:S4) -> 114 | U4: - | V4: - | X4: ='2 ALIYAH B'!T4:T35 -> 113 | Y4: =T4 -> 114 | Z4: =X4+Y4 -> 227 | AA4: 26 | AB4: =Z4/AA4 -> 9 | AC4: =IF(AB4>=8.5,"الجيد الأول",IF(AB4>=7.5,"الجيد الثاني",IF(AB4>=6.5,"المتوسط الأول",IF(AB4>=5.5,"المتوسط الثاني",IF(AB4>=4.5,"الرديء",))))) -> الجيد الأول | AE4: ='2 ALIYAH B'!U4:U35 -> - | AF4: =U4:U33 -> - | AG4: =SUM(AE4:AF4) -> 0 | AI4: ='2 ALIYAH B'!V4:V36 -> - | AJ4: =V4:V26 -> - | AK4: =SUM(AI4:AJ4) -> 0
A5: ='2 ALIYAH B'!A5:C36 -> 04 | B5: ='2 ALIYAH B'!B5:D36 -> CHANINA KAMELIA MAHFUDZOTUSSALAMAH | C5: ='2 ALIYAH B'!C5:E36 -> 2796 | D5: 04 | E5: =TEXT(F5,"[$-2000000]0") -> ٩ | F5: 9 | G5: - | H5: 9 | I5: 9 | J5: 9 | K5: 9 | L5: 9 | M5: 9 | N5: 9 | O5: 9 | P5: 8 | Q5: 9 | R5: 9 | S5: 8 | T5: =SUM(E5:S5) -> 115 | U5: 7 | V5: - | X5: ='2 ALIYAH B'!T5:T36 -> 113 | Y5: =T5 -> 115 | Z5: =X5+Y5 -> 228 | AA5: 26 | AB5: =Z5/AA5 -> 9 | AC5: =IF(AB5>=8.5,"الجيد الأول",IF(AB5>=7.5,"الجيد الثاني",IF(AB5>=6.5,"المتوسط الأول",IF(AB5>=5.5,"المتوسط الثاني",IF(AB5>=4.5,"الرديء",))))) -> الجيد الأول | AE5: ='2 ALIYAH B'!U5:U36 -> 4 | AF5: =U5:U33 -> 7 | AG5: =SUM(AE5:AF5) -> 11 | AI5: ='2 ALIYAH B'!V5:V37 -> - | AJ5: =V5:V27 -> - | AK5: =SUM(AI5:AJ5) -> 0
A6: ='2 ALIYAH B'!A6:C37 -> 05 | B6: ='2 ALIYAH B'!B6:D37 -> DHOU'UHA YUDHI'U FALABIQOH | C6: ='2 ALIYAH B'!C6:E37 -> 2799 | D6: 05 | E6: =TEXT(F6,"[$-2000000]0") -> ٩ | F6: 9 | G6: - | H6: 9 | I6: 9 | J6: 9 | K6: 9 | L6: 9 | M6: 9 | N6: 9 | O6: 9 | P6: 8 | Q6: 9 | R6: 9 | S6: 8 | T6: =SUM(E6:S6) -> 115 | U6: 1 | V6: - | X6: ='2 ALIYAH B'!T6:T37 -> 112 | Y6: =T6 -> 115 | Z6: =X6+Y6 -> 227 | AA6: 26 | AB6: =Z6/AA6 -> 9 | AC6: =IF(AB6>=8.5,"الجيد الأول",IF(AB6>=7.5,"الجيد الثاني",IF(AB6>=6.5,"المتوسط الأول",IF(AB6>=5.5,"المتوسط الثاني",IF(AB6>=4.5,"الرديء",))))) -> الجيد الأول | AE6: ='2 ALIYAH B'!U6:U37 -> - | AF6: =U6:U33 -> 1 | AG6: =SUM(AE6:AF6) -> 1 | AI6: ='2 ALIYAH B'!V6:V38 -> - | AJ6: =V6:V28 -> - | AK6: =SUM(AI6:AJ6) -> 0
A7: ='2 ALIYAH B'!A7:C38 -> 06 | B7: ='2 ALIYAH B'!B7:D38 -> EFI ZULIYANI | C7: ='2 ALIYAH B'!C7:E38 -> 2730 | D7: 06 | E7: =TEXT(F7,"[$-2000000]0") -> ٦ | F7: 6 | G7: - | H7: 8 | I7: 9 | J7: 6 | K7: 5 | L7: 9 | M7: 6 | N7: 7 | O7: 6 | P7: 8 | Q7: 8 | R7: 8 | S7: 8 | T7: =SUM(E7:S7) -> 94 | U7: - | V7: - | X7: ='2 ALIYAH B'!T7:T38 -> 98 | Y7: =T7 -> 94 | Z7: =X7+Y7 -> 192 | AA7: 26 | AB7: =Z7/AA7 -> 7 | AC7: =IF(AB7>=8.5,"الجيد الأول",IF(AB7>=7.5,"الجيد الثاني",IF(AB7>=6.5,"المتوسط الأول",IF(AB7>=5.5,"المتوسط الثاني",IF(AB7>=4.5,"الرديء",))))) -> المتوسط الأول | AE7: ='2 ALIYAH B'!U7:U38 -> - | AF7: =U7:U33 -> - | AG7: =SUM(AE7:AF7) -> 0 | AI7: ='2 ALIYAH B'!V7:V39 -> - | AJ7: =V7:V29 -> - | AK7: =SUM(AI7:AJ7) -> 0
A8: ='2 ALIYAH B'!A8:C39 -> 07 | B8: ='2 ALIYAH B'!B8:D39 -> FARICHA NAJLA NADIA | C8: ='2 ALIYAH B'!C8:E39 -> 2690 | D8: 07 | E8: =TEXT(F8,"[$-2000000]0") -> ٦ | F8: 6 | G8: - | H8: 9 | I8: 7 | J8: 6 | K8: 6 | L8: 8 | M8: 4 | N8: 6 | O8: 7 | P8: 8 | Q8: 8 | R8: 8 | S8: 8 | T8: =SUM(E8:S8) -> 91 | U8: 2 | V8: - | X8: ='2 ALIYAH B'!T8:T39 -> 91 | Y8: =T8 -> 91 | Z8: =X8+Y8 -> 182 | AA8: 26 | AB8: =Z8/AA8 -> 7 | AC8: =IF(AB8>=8.5,"الجيد الأول",IF(AB8>=7.5,"الجيد الثاني",IF(AB8>=6.5,"المتوسط الأول",IF(AB8>=5.5,"المتوسط الثاني",IF(AB8>=4.5,"الرديء",))))) -> المتوسط الأول | AE8: ='2 ALIYAH B'!U8:U39 -> 2 | AF8: =U8:U33 -> 2 | AG8: =SUM(AE8:AF8) -> 4 | AI8: ='2 ALIYAH B'!V8:V40 -> - | AJ8: =V8:V30 -> - | AK8: =SUM(AI8:AJ8) -> 0
A9: ='2 ALIYAH B'!A9:C40 -> 08 | B9: ='2 ALIYAH B'!B9:D40 -> HANIN ATIQOTUR RIF'AH SHODIQ | C9: ='2 ALIYAH B'!C9:E40 -> 2761 | D9: 08 | E9: =TEXT(F9,"[$-2000000]0") -> ٥ | F9: 5 | G9: - | H9: 7 | I9: 9 | J9: 6 | K9: 5 | L9: 7 | M9: 5 | N9: 5 | O9: 6 | P9: 8 | Q9: 8 | R9: 8 | S9: 8 | T9: =SUM(E9:S9) -> 87 | U9: - | V9: - | X9: ='2 ALIYAH B'!T9:T40 -> 88 | Y9: =T9 -> 87 | Z9: =X9+Y9 -> 175 | AA9: 26 | AB9: =Z9/AA9 -> 7 | AC9: =IF(AB9>=8.5,"الجيد الأول",IF(AB9>=7.5,"الجيد الثاني",IF(AB9>=6.5,"المتوسط الأول",IF(AB9>=5.5,"المتوسط الثاني",IF(AB9>=4.5,"الرديء",))))) -> المتوسط الأول | AE9: ='2 ALIYAH B'!U9:U40 -> - | AF9: =U9:U33 -> - | AG9: =SUM(AE9:AF9) -> 0 | AI9: ='2 ALIYAH B'!V9:V41 -> - | AJ9: =V9:V31 -> - | AK9: =SUM(AI9:AJ9) -> 0
A10: ='2 ALIYAH B'!A10:C41 -> 09 | B10: ='2 ALIYAH B'!B10:D41 -> HUMAIRO' ALMUFIDAH | C10: ='2 ALIYAH B'!C10:E41 -> 2892 | D10: 09 | E10: =TEXT(F10,"[$-2000000]0") -> ٥ | F10: 5 | G10: - | H10: 9 | I10: 6 | J10: 5 | K10: 6 | L10: 5 | M10: 7 | N10: 7 | O10: 6 | P10: 8 | Q10: 8 | R10: 8 | S10: 8 | T10: =SUM(E10:S10) -> 88 | U10: 2 | V10: - | X10: ='2 ALIYAH B'!T10:T41 -> 86 | Y10: =T10 -> 88 | Z10: =X10+Y10 -> 174 | AA10: 26 | AB10: =Z10/AA10 -> 7 | AC10: =IF(AB10>=8.5,"الجيد الأول",IF(AB10>=7.5,"الجيد الثاني",IF(AB10>=6.5,"المتوسط الأول",IF(AB10>=5.5,"المتوسط الثاني",IF(AB10>=4.5,"الرديء",))))) -> المتوسط الأول | AE10: ='2 ALIYAH B'!U10:U41 -> 3 | AF10: =U10:U33 -> 2 | AG10: =SUM(AE10:AF10) -> 5 | AI10: ='2 ALIYAH B'!V10:V42 -> - | AJ10: =V10:V32 -> - | AK10: =SUM(AI10:AJ10) -> 0
A11: ='2 ALIYAH B'!A10:C42 -> 10 | B11: ='2 ALIYAH B'!B10:D42 -> INDAH ASHLIHAH AZMIROTUSSALAMAH | C11: ='2 ALIYAH B'!C10:E42 -> 2762 | D11: 10 | E11: =TEXT(F11,"[$-2000000]0") -> ٨ | F11: 8 | G11: - | H11: 5 | I11: 9 | J11: 5 | K11: 6 | L11: 6 | M11: 4 | N11: 6 | O11: 6 | P11: 8 | Q11: 8 | R11: 8 | S11: 8 | T11: =SUM(E11:S11) -> 87 | U11: 1 | V11: - | X11: ='2 ALIYAH B'!T11:T42 -> 82 | Y11: =T11 -> 87 | Z11: =X11+Y11 -> 169 | AA11: 26 | AB11: =Z11/AA11 -> 7 | AC11: =IF(AB11>=8.5,"الجيد الأول",IF(AB11>=7.5,"الجيد الثاني",IF(AB11>=6.5,"المتوسط الأول",IF(AB11>=5.5,"المتوسط الثاني",IF(AB11>=4.5,"الرديء",))))) -> المتوسط الأول | AE11: ='2 ALIYAH B'!U10:U42 -> 2 | AF11: =U11:U33 -> 1 | AG11: =SUM(AE11:AF11) -> 3 | AI11: ='2 ALIYAH B'!V10:V43 -> - | AJ11: =V11:V33 -> - | AK11: =SUM(AI11:AJ11) -> 0
A12: ='2 ALIYAH B'!A11:C43 -> 11 | B12: ='2 ALIYAH B'!B11:D43 -> ISNIATUN | C12: ='2 ALIYAH B'!C11:E43 -> 2805 | D12: 11 | E12: =TEXT(F12,"[$-2000000]0") -> ٦ | F12: 6 | G12: - | H12: 9 | I12: 6 | J12: 6 | K12: 6 | L12: 6 | M12: 6 | N12: 5 | O12: 7 | P12: 8 | Q12: 7 | R12: 8 | S12: 8 | T12: =SUM(E12:S12) -> 88 | U12: - | V12: - | X12: ='2 ALIYAH B'!T12:T43 -> 74 | Y12: =T12 -> 88 | Z12: =X12+Y12 -> 162 | AA12: 26 | AB12: =Z12/AA12 -> 6 | AC12: =IF(AB12>=8.5,"الجيد الأول",IF(AB12>=7.5,"الجيد الثاني",IF(AB12>=6.5,"المتوسط الأول",IF(AB12>=5.5,"المتوسط الثاني",IF(AB12>=4.5,"الرديء",))))) -> المتوسط الثاني | AE12: ='2 ALIYAH B'!U11:U43 -> - | AF12: =U12:U33 -> - | AG12: =SUM(AE12:AF12) -> 0 | AI12: ='2 ALIYAH B'!V11:V44 -> - | AJ12: =V12:V33 -> - | AK12: =SUM(AI12:AJ12) -> 0
A13: ='2 ALIYAH B'!A13:C45 -> 12 | B13: ='2 ALIYAH B'!B13:D45 -> LAURA NASIKA FATMA PADANGENG WULAN | C13: ='2 ALIYAH B'!C13:E45 -> 2698 | D13: 12 | E13: =TEXT(F13,"[$-2000000]0") -> ٩ | F13: 9 | G13: - | H13: 9 | I13: 9 | J13: 7 | K13: 6 | L13: 9 | M13: 9 | N13: 9 | O13: 9 | P13: 8 | Q13: 8 | R13: 8 | S13: 8 | T13: =SUM(E13:S13) -> 108 | U13: 1 | V13: - | X13: ='2 ALIYAH B'!T13:T44 -> 99 | Y13: =T13 -> 108 | Z13: =X13+Y13 -> 207 | AA13: 26 | AB13: =Z13/AA13 -> 8 | AC13: =IF(AB13>=8.5,"الجيد الأول",IF(AB13>=7.5,"الجيد الثاني",IF(AB13>=6.5,"المتوسط الأول",IF(AB13>=5.5,"المتوسط الثاني",IF(AB13>=4.5,"الرديء",))))) -> الجيد الثاني | AE13: ='2 ALIYAH B'!U13:U45 -> 2 | AF13: =U13:U33 -> 1 | AG13: =SUM(AE13:AF13) -> 3 | AI13: ='2 ALIYAH B'!V13:V46 -> - | AJ13: =V13:V33 -> - | AK13: =SUM(AI13:AJ13) -> 0
A14: ='2 ALIYAH B'!A13:C46 -> 13 | B14: ='2 ALIYAH B'!B13:D46 -> LIYAL HUSNA WAZIYADA | C14: ='2 ALIYAH B'!C13:E46 -> 2700 | D14: 13 | E14: =TEXT(F14,"[$-2000000]0") -> ٩ | F14: 9 | G14: - | H14: 8 | I14: 8 | J14: 7 | K14: 9 | L14: 9 | M14: 9 | N14: 9 | O14: 9 | P14: 8 | Q14: 8 | R14: 8 | S14: 8 | T14: =SUM(E14:S14) -> 109 | U14: - | V14: - | X14: ='2 ALIYAH B'!T14:T45 -> 109 | Y14: =T14 -> 109 | Z14: =X14+Y14 -> 218 | AA14: 26 | AB14: =Z14/AA14 -> 8 | AC14: =IF(AB14>=8.5,"الجيد الأول",IF(AB14>=7.5,"الجيد الثاني",IF(AB14>=6.5,"المتوسط الأول",IF(AB14>=5.5,"المتوسط الثاني",IF(AB14>=4.5,"الرديء",))))) -> الجيد الثاني | AE14: ='2 ALIYAH B'!U13:U46 -> - | AF14: =U14:U33 -> - | AG14: =SUM(AE14:AF14) -> 0 | AI14: ='2 ALIYAH B'!V13:V47 -> - | AJ14: =V14:V33 -> - | AK14: =SUM(AI14:AJ14) -> 0
A15: ='2 ALIYAH B'!A14:C47 -> 14 | B15: ='2 ALIYAH B'!B14:D47 -> MAHBUBATUL JANAH | C15: ='2 ALIYAH B'!C14:E47 -> 2660 | D15: 14 | E15: =TEXT(F15,"[$-2000000]0") -> ٨ | F15: 8 | G15: - | H15: 9 | I15: 7 | J15: 9 | K15: 9 | L15: 9 | M15: 9 | N15: 9 | O15: 9 | P15: 8 | Q15: 9 | R15: 9 | S15: 8 | T15: =SUM(E15:S15) -> 112 | U15: - | V15: - | X15: ='2 ALIYAH B'!T15:T46 -> 112 | Y15: =T15 -> 112 | Z15: =X15+Y15 -> 224 | AA15: 26 | AB15: =Z15/AA15 -> 9 | AC15: =IF(AB15>=8.5,"الجيد الأول",IF(AB15>=7.5,"الجيد الثاني",IF(AB15>=6.5,"المتوسط الأول",IF(AB15>=5.5,"المتوسط الثاني",IF(AB15>=4.5,"الرديء",))))) -> الجيد الأول | AE15: ='2 ALIYAH B'!U14:U47 -> - | AF15: =U15:U33 -> - | AG15: =SUM(AE15:AF15) -> 0 | AI15: ='2 ALIYAH B'!V14:V48 -> - | AJ15: =V15:V33 -> - | AK15: =SUM(AI15:AJ15) -> 0
A16: ='2 ALIYAH B'!A15:C48 -> 15 | B16: ='2 ALIYAH B'!B15:D48 -> MAISAROH | C16: ='2 ALIYAH B'!C15:E48 -> 2701 | D16: 15 | E16: =TEXT(F16,"[$-2000000]0") -> ٩ | F16: 9 | G16: - | H16: 9 | I16: 9 | J16: 9 | K16: 8 | L16: 8 | M16: 8 | N16: 9 | O16: 7 | P16: 8 | Q16: 8 | R16: 8 | S16: 8 | T16: =SUM(E16:S16) -> 108 | U16: - | V16: - | X16: ='2 ALIYAH B'!T16:T47 -> 104 | Y16: =T16 -> 108 | Z16: =X16+Y16 -> 212 | AA16: 26 | AB16: =Z16/AA16 -> 8 | AC16: =IF(AB16>=8.5,"الجيد الأول",IF(AB16>=7.5,"الجيد الثاني",IF(AB16>=6.5,"المتوسط الأول",IF(AB16>=5.5,"المتوسط الثاني",IF(AB16>=4.5,"الرديء",))))) -> الجيد الثاني | AE16: ='2 ALIYAH B'!U15:U48 -> 1 | AF16: =U16:U33 -> - | AG16: =SUM(AE16:AF16) -> 1 | AI16: ='2 ALIYAH B'!V15:V49 -> - | AJ16: =V16:V33 -> - | AK16: =SUM(AI16:AJ16) -> 0
A17: ='2 ALIYAH B'!A15:C49 -> 16 | B17: ='2 ALIYAH B'!B15:D49 -> MEI NANGIMAH | C17: ='2 ALIYAH B'!C15:E49 -> 2871 | D17: 16 | E17: =TEXT(F17,"[$-2000000]0") -> ٥ | F17: 5 | G17: - | H17: 5 | I17: 6 | J17: 6 | K17: 6 | L17: 5 | M17: 7 | N17: 7 | O17: 9 | P17: 8 | Q17: 7 | R17: 8 | S17: 8 | T17: =SUM(E17:S17) -> 87 | U17: 1 | V17: - | X17: ='2 ALIYAH B'!T17:T48 -> 85 | Y17: =T17 -> 87 | Z17: =X17+Y17 -> 172 | AA17: 26 | AB17: =Z17/AA17 -> 7 | AC17: =IF(AB17>=8.5,"الجيد الأول",IF(AB17>=7.5,"الجيد الثاني",IF(AB17>=6.5,"المتوسط الأول",IF(AB17>=5.5,"المتوسط الثاني",IF(AB17>=4.5,"الرديء",))))) -> المتوسط الأول | AE17: ='2 ALIYAH B'!U15:U49 -> - | AF17: =U17:U33 -> 1 | AG17: =SUM(AE17:AF17) -> 1 | AI17: ='2 ALIYAH B'!V15:V50 -> - | AJ17: =V17:V33 -> - | AK17: =SUM(AI17:AJ17) -> 0
A18: ='2 ALIYAH B'!A15:C50 -> 17 | B18: ='2 ALIYAH B'!B15:D50 -> MINKKA QISTHY AL HIMNA | C18: ='2 ALIYAH B'!C15:E50 -> 2702 | D18: 17 | E18: =TEXT(F18,"[$-2000000]0") -> ٨ | F18: 8 | G18: - | H18: 9 | I18: 9 | J18: 9 | K18: 9 | L18: 9 | M18: 6 | N18: 8 | O18: 5 | P18: 8 | Q18: 8 | R18: 8 | S18: 8 | T18: =SUM(E18:S18) -> 104 | U18: 1 | V18: - | X18: ='2 ALIYAH B'!T18:T49 -> 107 | Y18: =T18 -> 104 | Z18: =X18+Y18 -> 211 | AA18: 26 | AB18: =Z18/AA18 -> 8 | AC18: =IF(AB18>=8.5,"الجيد الأول",IF(AB18>=7.5,"الجيد الثاني",IF(AB18>=6.5,"المتوسط الأول",IF(AB18>=5.5,"المتوسط الثاني",IF(AB18>=4.5,"الرديء",))))) -> الجيد الثاني | AE18: ='2 ALIYAH B'!U15:U50 -> 1 | AF18: =U18:U33 -> 1 | AG18: =SUM(AE18:AF18) -> 2 | AI18: ='2 ALIYAH B'!V15:V51 -> - | AJ18: =V18:V33 -> - | AK18: =SUM(AI18:AJ18) -> 0
A19: ='2 ALIYAH B'!A16:C51 -> 18 | B19: ='2 ALIYAH B'!B16:D51 -> NAFIATUD DAROINI | C19: ='2 ALIYAH B'!C16:E51 -> 2664 | D19: 18 | E19: =TEXT(F19,"[$-2000000]0") -> ٩ | F19: 9 | G19: - | H19: 9 | I19: 9 | J19: 6 | K19: 9 | L19: 9 | M19: 6 | N19: 9 | O19: 8 | P19: 8 | Q19: 8 | R19: 8 | S19: 8 | T19: =SUM(E19:S19) -> 106 | U19: 5 | V19: - | X19: ='2 ALIYAH B'!T19:T50 -> 107 | Y19: =T19 -> 106 | Z19: =X19+Y19 -> 213 | AA19: 26 | AB19: =Z19/AA19 -> 8 | AC19: =IF(AB19>=8.5,"الجيد الأول",IF(AB19>=7.5,"الجيد الثاني",IF(AB19>=6.5,"المتوسط الأول",IF(AB19>=5.5,"المتوسط الثاني",IF(AB19>=4.5,"الرديء",))))) -> الجيد الثاني | AE19: ='2 ALIYAH B'!U16:U51 -> 6 | AF19: =U19:U33 -> 5 | AG19: =SUM(AE19:AF19) -> 11 | AI19: ='2 ALIYAH B'!V16:V52 -> - | AJ19: =V19:V33 -> - | AK19: =SUM(AI19:AJ19) -> 0
A20: ='2 ALIYAH B'!A17:C52 -> 19 | B20: ='2 ALIYAH B'!B17:D52 -> NAILUN NAJAH ALJADIDAH | C20: ='2 ALIYAH B'!C17:E52 -> 2704 | D20: 19 | E20: =TEXT(F20,"[$-2000000]0") -> ٩ | F20: 9 | G20: - | H20: 6 | I20: 9 | J20: 9 | K20: 9 | L20: 9 | M20: 9 | N20: 7 | O20: 9 | P20: 8 | Q20: 8 | R20: 8 | S20: 8 | T20: =SUM(E20:S20) -> 108 | U20: - | V20: - | X20: ='2 ALIYAH B'!T20:T51 -> 108 | Y20: =T20 -> 108 | Z20: =X20+Y20 -> 216 | AA20: 26 | AB20: =Z20/AA20 -> 8 | AC20: =IF(AB20>=8.5,"الجيد الأول",IF(AB20>=7.5,"الجيد الثاني",IF(AB20>=6.5,"المتوسط الأول",IF(AB20>=5.5,"المتوسط الثاني",IF(AB20>=4.5,"الرديء",))))) -> الجيد الثاني | AE20: ='2 ALIYAH B'!U17:U52 -> 1 | AF20: =U20:U33 -> - | AG20: =SUM(AE20:AF20) -> 1 | AI20: ='2 ALIYAH B'!V17:V53 -> - | AJ20: =V20:V33 -> - | AK20: =SUM(AI20:AJ20) -> 0
A21: ='2 ALIYAH B'!A18:C53 -> 20 | B21: ='2 ALIYAH B'!B18:D53 -> NIDA RAHMA KHASANI | C21: ='2 ALIYAH B'!C18:E53 -> 2900 | D21: 20 | E21: =TEXT(F21,"[$-2000000]0") -> ٨ | F21: 8 | G21: - | H21: 9 | I21: 9 | J21: 9 | K21: 5 | L21: 9 | M21: 8 | N21: 6 | O21: 7 | P21: 8 | Q21: 8 | R21: 8 | S21: 8 | T21: =SUM(E21:S21) -> 102 | U21: 1 | V21: - | X21: ='2 ALIYAH B'!T21:T52 -> 96 | Y21: =T21 -> 102 | Z21: =X21+Y21 -> 198 | AA21: 26 | AB21: =Z21/AA21 -> 8 | AC21: =IF(AB21>=8.5,"الجيد الأول",IF(AB21>=7.5,"الجيد الثاني",IF(AB21>=6.5,"المتوسط الأول",IF(AB21>=5.5,"المتوسط الثاني",IF(AB21>=4.5,"الرديء",))))) -> الجيد الثاني | AE21: ='2 ALIYAH B'!U18:U53 -> 3 | AF21: =U21:U33 -> 1 | AG21: =SUM(AE21:AF21) -> 4 | AI21: ='2 ALIYAH B'!V18:V54 -> 3 | AJ21: =V21:V33 -> - | AK21: =SUM(AI21:AJ21) -> 3
A22: ='2 ALIYAH B'!A19:C54 -> 21 | B22: ='2 ALIYAH B'!B19:D54 -> NIHLAH SALIMAH FIDDAROIN | C22: ='2 ALIYAH B'!C19:E54 -> 2668 | D22: 21 | E22: =TEXT(F22,"[$-2000000]0") -> ٩ | F22: 9 | G22: - | H22: 9 | I22: 9 | J22: 9 | K22: 6 | L22: 9 | M22: 8 | N22: 9 | O22: 9 | P22: 8 | Q22: 9 | R22: 9 | S22: 8 | T22: =SUM(E22:S22) -> 111 | U22: 1 | V22: - | X22: ='2 ALIYAH B'!T22:T53 -> 112 | Y22: =T22 -> 111 | Z22: =X22+Y22 -> 223 | AA22: 26 | AB22: =Z22/AA22 -> 9 | AC22: =IF(AB22>=8.5,"الجيد الأول",IF(AB22>=7.5,"الجيد الثاني",IF(AB22>=6.5,"المتوسط الأول",IF(AB22>=5.5,"المتوسط الثاني",IF(AB22>=4.5,"الرديء",))))) -> الجيد الأول | AE22: ='2 ALIYAH B'!U19:U54 -> 1 | AF22: =U22:U33 -> 1 | AG22: =SUM(AE22:AF22) -> 2 | AI22: ='2 ALIYAH B'!V19:V55 -> - | AJ22: =V22:V33 -> - | AK22: =SUM(AI22:AJ22) -> 0
A23: 23 | B23: RIZKA TOYYIBAH | C23: ='2 ALIYAH B'!C22:E57 -> 2815 | D23: 22 | E23: =TEXT(F23,"[$-2000000]0") -> ٨ | F23: 8 | G23: - | H23: 8 | I23: 7 | J23: 8 | K23: 7 | L23: 6 | M23: 7 | N23: 8 | O23: 8 | P23: 8 | Q23: 8 | R23: 8 | S23: 8 | T23: =SUM(E23:S23) -> 99 | U23: 3 | V23: - | X23: ='2 ALIYAH B'!T23:T54 -> 70 | Y23: =T23 -> 99 | Z23: =X23+Y23 -> 169 | AA23: 26 | AB23: =Z23/AA23 -> 7 | AC23: المتوسط الثانى | AE23: ='2 ALIYAH B'!U22:U57 -> 6 | AF23: =U23:U35 -> 3 | AG23: =SUM(AE23:AF23) -> 9 | AI23: ='2 ALIYAH B'!V22:V58 -> 9 | AJ23: =V23:V33 -> - | AK23: =SUM(AI23:AJ23) -> 9
A24: 24 | B24: SAKINATUL AWIDDAH | C24: ='2 ALIYAH B'!C23:E58 -> 2676 | D24: 23 | E24: =TEXT(F24,"[$-2000000]0") -> ٩ | F24: 9 | G24: - | H24: 9 | I24: 9 | J24: 6 | K24: 8 | L24: 9 | M24: 7 | N24: 8 | O24: 9 | P24: 8 | Q24: 8 | R24: 9 | S24: 8 | T24: =SUM(E24:S24) -> 107 | U24: 1 | V24: - | X24: ='2 ALIYAH B'!T24:T55 -> 105 | Y24: =T24 -> 107 | Z24: =X24+Y24 -> 212 | AA24: 26 | AB24: =Z24/AA24 -> 8 | AC24: =IF(AB24>=8.5,"الجيد الأول",IF(AB24>=7.5,"الجيد الثاني",IF(AB24>=6.5,"المتوسط الأول",IF(AB24>=5.5,"المتوسط الثاني",IF(AB24>=4.5,"الرديء",))))) -> الجيد الثاني | AE24: ='2 ALIYAH B'!U23:U58 -> - | AF24: =U24:U36 -> 1 | AG24: =SUM(AE24:AF24) -> 1 | AI24: ='2 ALIYAH B'!V23:V59 -> - | AJ24: =V24:V33 -> - | AK24: =SUM(AI24:AJ24) -> 0
A25: 25 | B25: SALSA RONA ANDIRA | C25: ='2 ALIYAH B'!C24:E59 -> 2678 | D25: 24 | E25: =TEXT(F25,"[$-2000000]0") -> ٤ | F25: 4 | G25: - | H25: 9 | I25: 9 | J25: 7 | K25: 7 | L25: 8 | M25: 8 | N25: 7 | O25: 5 | P25: 8 | Q25: 8 | R25: 7 | S25: 8 | T25: =SUM(E25:S25) -> 95 | U25: - | V25: - | X25: ='2 ALIYAH B'!T25:T56 -> 88 | Y25: =T25 -> 95 | Z25: =X25+Y25 -> 183 | AA25: 26 | AB25: =Z25/AA25 -> 7 | AC25: =IF(AB25>=8.5,"الجيد الأول",IF(AB25>=7.5,"الجيد الثاني",IF(AB25>=6.5,"المتوسط الأول",IF(AB25>=5.5,"المتوسط الثاني",IF(AB25>=4.5,"الرديء",))))) -> المتوسط الأول | AE25: ='2 ALIYAH B'!U24:U59 -> - | AF25: =U25:U37 -> - | AG25: =SUM(AE25:AF25) -> 0 | AI25: ='2 ALIYAH B'!V24:V60 -> - | AJ25: =V25:V33 -> - | AK25: =SUM(AI25:AJ25) -> 0
A26: 26 | B26: SINTA ULWIYATUL HASANAH | C26: ='2 ALIYAH B'!C25:E60 -> 2750 | D26: 25 | E26: =TEXT(F26,"[$-2000000]0") -> ٧ | F26: 7 | G26: - | H26: 9 | I26: 9 | J26: 8 | K26: 9 | L26: 9 | M26: 8 | N26: 8 | O26: 8 | P26: 8 | Q26: 8 | R26: 8 | S26: 8 | T26: =SUM(E26:S26) -> 107 | U26: 1 | V26: - | X26: ='2 ALIYAH B'!T26:T57 -> 105 | Y26: =T26 -> 107 | Z26: =X26+Y26 -> 212 | AA26: 26 | AB26: =Z26/AA26 -> 8 | AC26: =IF(AB26>=8.5,"الجيد الأول",IF(AB26>=7.5,"الجيد الثاني",IF(AB26>=6.5,"المتوسط الأول",IF(AB26>=5.5,"المتوسط الثاني",IF(AB26>=4.5,"الرديء",))))) -> الجيد الثاني | AE26: ='2 ALIYAH B'!U25:U60 -> 1 | AF26: =U26:U38 -> 1 | AG26: =SUM(AE26:AF26) -> 2 | AI26: ='2 ALIYAH B'!V25:V61 -> - | AJ26: =V26:V33 -> - | AK26: =SUM(AI26:AJ26) -> 0
A27: 27 | B27: TAFRIJJIYYAH HISLAMI PUTRI | C27: ='2 ALIYAH B'!C27:E61 -> 2681 | D27: 26 | E27: =TEXT(F27,"[$-2000000]0") -> ٩ | F27: 9 | G27: - | H27: 9 | I27: 9 | J27: 7 | K27: 8 | L27: 9 | M27: 7 | N27: 9 | O27: 9 | P27: 8 | Q27: 8 | R27: 8 | S27: 8 | T27: =SUM(E27:S27) -> 108 | U27: - | V27: - | X27: ='2 ALIYAH B'!T27:T58 -> 102 | Y27: =T27 -> 108 | Z27: =X27+Y27 -> 210 | AA27: 26 | AB27: =Z27/AA27 -> 8 | AC27: =IF(AB27>=8.5,"الجيد الأول",IF(AB27>=7.5,"الجيد الثاني",IF(AB27>=6.5,"المتوسط الأول",IF(AB27>=5.5,"المتوسط الثاني",IF(AB27>=4.5,"الرديء",))))) -> الجيد الثاني | AE27: ='2 ALIYAH B'!U27:U61 -> 1 | AF27: =U27:U39 -> - | AG27: =SUM(AE27:AF27) -> 1 | AI27: ='2 ALIYAH B'!V27:V62 -> 1 | AJ27: =V27:V33 -> - | AK27: =SUM(AI27:AJ27) -> 1
A28: 28 | B28: TITIK KUSUMAWATI | C28: ='2 ALIYAH B'!C28:E62 -> 2682 | D28: 27 | E28: =TEXT(F28,"[$-2000000]0") -> ٩ | F28: 9 | G28: - | H28: 8 | I28: 9 | J28: 8 | K28: 9 | L28: 8 | M28: 9 | N28: 9 | O28: 9 | P28: 8 | Q28: 8 | R28: 9 | S28: 8 | T28: =SUM(E28:S28) -> 111 | U28: 1 | V28: - | X28: ='2 ALIYAH B'!T28:T59 -> 113 | Y28: =T28 -> 111 | Z28: =X28+Y28 -> 224 | AA28: 26 | AB28: =Z28/AA28 -> 9 | AC28: =IF(AB28>=8.5,"الجيد الأول",IF(AB28>=7.5,"الجيد الثاني",IF(AB28>=6.5,"المتوسط الأول",IF(AB28>=5.5,"المتوسط الثاني",IF(AB28>=4.5,"الرديء",))))) -> الجيد الأول | AE28: ='2 ALIYAH B'!U28:U62 -> - | AF28: =U28:U40 -> 1 | AG28: =SUM(AE28:AF28) -> 1 | AI28: ='2 ALIYAH B'!V28:V63 -> 1 | AJ28: =V28:V33 -> - | AK28: =SUM(AI28:AJ28) -> 1
A29: 29 | B29: TSAABITA A'MALUNA ZAHRO' | C29: ='2 ALIYAH B'!C29:E63 -> 2909 | D29: 28 | E29: =TEXT(F29,"[$-2000000]0") -> ٥ | F29: 5 | G29: - | H29: 5 | I29: 9 | J29: 8 | K29: 7 | L29: 5 | M29: 5 | N29: 6 | O29: 6 | P29: 8 | Q29: 8 | R29: 8 | S29: 8 | T29: =SUM(E29:S29) -> 88 | U29: - | V29: - | X29: ='2 ALIYAH B'!T29:T60 -> 85 | Y29: =T29 -> 88 | Z29: =X29+Y29 -> 173 | AA29: 26 | AB29: =Z29/AA29 -> 7 | AC29: =IF(AB29>=8.5,"الجيد الأول",IF(AB29>=7.5,"الجيد الثاني",IF(AB29>=6.5,"المتوسط الأول",IF(AB29>=5.5,"المتوسط الثاني",IF(AB29>=4.5,"الرديء",))))) -> المتوسط الأول | AE29: ='2 ALIYAH B'!U29:U63 -> - | AF29: =U29:U41 -> - | AG29: =SUM(AE29:AF29) -> 0 | AI29: ='2 ALIYAH B'!V29:V64 -> 1 | AJ29: =V29:V33 -> - | AK29: =SUM(AI29:AJ29) -> 1
A30: 30 | B30: TUTI ALAWIYAH | C30: 2684 | D30: 29 | E30: =TEXT(F30,"[$-2000000]0") -> ٨ | F30: 8 | G30: - | H30: 9 | I30: 9 | J30: 9 | K30: 9 | L30: 9 | M30: 6 | N30: 8 | O30: 9 | P30: 8 | Q30: 8 | R30: 8 | S30: 8 | T30: =SUM(E30:S30) -> 108 | U30: - | V30: - | X30: ='2 ALIYAH B'!T30:T61 -> 109 | Y30: =T30 -> 108 | Z30: =X30+Y30 -> 217 | AA30: 26 | AB30: =Z30/AA30 -> 8 | AC30: =IF(AB30>=8.5,"الجيد الأول",IF(AB30>=7.5,"الجيد الثاني",IF(AB30>=6.5,"المتوسط الأول",IF(AB30>=5.5,"المتوسط الثاني",IF(AB30>=4.5,"الرديء",))))) -> الجيد الثاني | AE30: ='2 ALIYAH B'!U30:U64 -> - | AF30: =U30:U42 -> - | AG30: =SUM(AE30:AF30) -> 0 | AI30: ='2 ALIYAH B'!V30:V65 -> - | AJ30: =V30:V33 -> - | AK30: =SUM(AI30:AJ30) -> 0
A31: 31 | B31: VENITA FITRIANI | C31: 2685 | D31: 30 | E31: =TEXT(F31,"[$-2000000]0") -> ٥ | F31: 5 | G31: - | H31: 7 | I31: 8 | J31: 4 | K31: 6 | L31: 6 | M31: 6 | N31: 6 | O31: 5 | P31: 8 | Q31: 8 | R31: 8 | S31: 8 | T31: =SUM(E31:S31) -> 85 | U31: - | V31: - | X31: ='2 ALIYAH B'!T31:T62 -> 83 | Y31: =T31 -> 85 | Z31: =X31+Y31 -> 168 | AA31: 26 | AB31: =Z31/AA31 -> 6 | AC31: =IF(AB31>=8.5,"الجيد الأول",IF(AB31>=7.5,"الجيد الثاني",IF(AB31>=6.5,"المتوسط الأول",IF(AB31>=5.5,"المتوسط الثاني",IF(AB31>=4.5,"الرديء",))))) -> المتوسط الثاني | AE31: ='2 ALIYAH B'!U31:U65 -> - | AF31: =U31:U43 -> - | AG31: =SUM(AE31:AF31) -> 0 | AI31: ='2 ALIYAH B'!V31:V66 -> - | AJ31: =V31:V33 -> - | AK31: =SUM(AI31:AJ31) -> 0
A32: 32 | B32: YESICCA YAHYA ALVIA | C32: 2786 | D32: 31 | E32: =TEXT(F32,"[$-2000000]0") -> ٥ | F32: 5 | G32: - | H32: 8 | I32: 8 | J32: 7 | K32: 8 | L32: 9 | M32: 6 | N32: 4 | O32: 7 | P32: 8 | Q32: 8 | R32: 8 | S32: 8 | T32: =SUM(E32:S32) -> 94 | U32: - | V32: - | X32: ='2 ALIYAH B'!T32:T63 -> 82 | Y32: =T32 -> 94 | Z32: =X32+Y32 -> 176 | AA32: 26 | AB32: =Z32/AA32 -> 7 | AC32: =IF(AB32>=8.5,"الجيد الأول",IF(AB32>=7.5,"الجيد الثاني",IF(AB32>=6.5,"المتوسط الأول",IF(AB32>=5.5,"المتوسط الثاني",IF(AB32>=4.5,"الرديء",))))) -> المتوسط الأول | AE32: ='2 ALIYAH B'!U32:U66 -> 4 | AF32: =U32:U44 -> - | AG32: =SUM(AE32:AF32) -> 4 | AI32: ='2 ALIYAH B'!V32:V67 -> - | AJ32: =V32:V33 -> - | AK32: =SUM(AI32:AJ32) -> 0
A33: 33 | B33: ZAHROTUL ASHFIA | C33: 2912 | D33: 32 | E33: =TEXT(F33,"[$-2000000]0") -> ٧ | F33: 7 | G33: - | H33: 9 | I33: 9 | J33: 6 | K33: 7 | L33: 9 | M33: 6 | N33: 6 | O33: 5 | P33: 8 | Q33: 8 | R33: 8 | S33: 8 | T33: =SUM(E33:S33) -> 96 | U33: - | V33: 1 | X33: ='2 ALIYAH B'!T33:T64 -> 92 | Y33: =T33 -> 96 | Z33: =X33+Y33 -> 188 | AA33: 26 | AB33: =Z33/AA33 -> 7 | AC33: =IF(AB33>=8.5,"الجيد الأول",IF(AB33>=7.5,"الجيد الثاني",IF(AB33>=6.5,"المتوسط الأول",IF(AB33>=5.5,"المتوسط الثاني",IF(AB33>=4.5,"الرديء",))))) -> المتوسط الأول | AE33: ='2 ALIYAH B'!U33:U67 -> - | AF33: =U33:U45 -> - | AG33: =SUM(AE33:AF33) -> 0 | AI33: ='2 ALIYAH B'!V33:V68 -> - | AJ33: =V33:V33 -> 1 | AK33: =SUM(AI33:AJ33) -> 1
B34: NILAI 'AM | E34: =TEXT(F34,"[$-2000000]0") -> ٢٣٥ | F34: =SUM(F2:F33) -> 235 | G34: =SUM(G2:G33) -> 0 | H34: =SUM(H2:H33) -> 262 | I34: =SUM(I2:I33) -> 269 | J34: =SUM(J2:J33) -> 235 | K34: =SUM(K2:K33) -> 237 | L34: =SUM(L2:L33) -> 257 | M34: =SUM(M2:M33) -> 229 | ... S34: =SUM(S2:S33) -> 256 | T34: =SUM(E34:S34) -> 3240 | U34: - | V34: - | X34: ='2 ALIYAH B'!T34:T65 -> 3132 | Y34: =T34 -> 3240 | Z34: =X34+Y34 -> 6372 | AA34: 26 | AB34: =Z34/AA34 -> 245 | AE34: ='2 ALIYAH B'!U34:U80 -> - | AF34: =U34:U58 -> - | AG34: =SUM(AE34:AF34) -> 0 | AI34: ='2 ALIYAH B'!V34:V81 -> - | AJ34: =V34:V34 -> - | AK34: =SUM(AI34:AJ34) -> 0
AI35: ='2 ALIYAH B'!V34:V82 -> - | AJ35: =V35:V35 -> 0 | AK35: =SUM(AI35:AJ35) -> 0
B37: izin lebih 5 hari
B38: prestasi beda | H38: NILAI 'AM
H39: =SUM(F34/D33) -> 7
H40: -
H41: =SUM(I34/D33) -> 8
H42: =SUM(I34/D33) -> 8
H43: =SUM(J34/D33) -> 7
H44: =SUM(K34/D33) -> 7
H45: =SUM(L34/D33) -> 8
H46: =SUM(M34/D33) -> 7
H47: =SUM(N34/D33) -> 7
H48: =SUM(P34/D33) -> 8
H49: =SUM(P34/D33) -> 8
H50: =SUM(Q34/D33) -> 8
H51: =SUM(R34/D33) -> 8
H52: =SUM(S34/D33) -> 8
H53: =SUM(H39:H52) -> 99

Sheet 2 ALY C
A1: No. Tamrin | B1: Nama | C1: No. Stambuk | D1: JML Siswi | E1: تفسير الجلالين | G1: إتمام الدراية | H1: رياض الصالحين | I1: كفاية العوام | J1: فتح المعين | K1: تسهيل الطرقات | L1: مبادئ قواعد الفقهية | M1: عدة الفارض | N1: الفية ابن مالك | O1: بداية الهداية | P1: الخط \ الإملاء | Q1: قراءة الكتب | R1: المحافظة | S1: الأخلاق | T1: جمل أرقام الدرجات الدراسية | U1: بإذن | V1: بغيره | X1: SEMESTER I | Y1: semester II | Z1: Jumlah | AA1: pelajaran SI & S II | AB1: rata-rata | AC1: niai prestasi | AE1: S1 | AF1: S2 | AG1: JUMLAH IDZNI | AI1: S 1 | AJ1: S 2 | AK1: JUMLAH BIGHOIRIHI
A2: 01 | B2: ='2 ALIYAH C'!B2:D35 -> AFIDATUL MUNAWAROH | C2: 2687 | D2: 01 | E2: =TEXT(F2,"[$-2000000]0") -> ٥ | F2: 5 | G2: - | H2: 7 | I2: 6 | J2: 4 | K2: 6 | L2: 5 | M2: 4 | N2: 4 | O2: 5 | P2: 7 | Q2: 7 | R2: 8 | S2: 8 | T2: =SUM(E2:S2) -> 76 | U2: - | V2: - | X2: ='2 ALIYAH C'!T2:T35 -> 75 | Y2: =T2 -> 76 | Z2: =X2+Y2 -> 151 | AA2: 26 | AB2: =Z2/AA2 -> 6 | AC2: =IF(AB2>=8.5,"الجيد الأول",IF(AB2>=7.5,"الجيد الثاني",IF(AB2>=6.5,"المتوسط الأول",IF(AB2>=5.5,"المتوسط الثاني",IF(AB2>=4.5,"الرديء",))))) -> المتوسط الثاني | AE2: ='2 ALIYAH C'!U2:U35 -> 1 | AF2: =U2:U34 -> - | AG2: =SUM(AE2:AF2) -> 1 | AI2: ='2 ALIYAH C'!V2:V36 -> 0 | AJ2: =V2:V26 -> - | AK2: =SUM(AI2:AJ2) -> 0
A3: 02 | B3: ='2 ALIYAH C'!B3:D36 -> ARINA PUTRI AISYAH | C3: 2728 | D3: 02 | E3: =TEXT(F3,"[$-2000000]0") -> ٩ | F3: 9 | G3: - | H3: 9 | I3: 9 | J3: 5 | K3: 8 | L3: 9 | M3: 9 | N3: 5 | O3: 9 | P3: 9 | Q3: 9 | R3: 9 | S3: 8 | T3: =SUM(E3:S3) -> 107 | U3: 1 | V3: - | X3: ='2 ALIYAH C'!T3:T36 -> 113 | Y3: =T3 -> 107 | Z3: =X3+Y3 -> 220 | AA3: 26 | AB3: =Z3/AA3 -> 8 | AC3: =IF(AB3>=8.5,"الجيد الأول",IF(AB3>=7.5,"الجيد الثاني",IF(AB3>=6.5,"المتوسط الأول",IF(AB3>=5.5,"المتوسط الثاني",IF(AB3>=4.5,"الرديء",))))) -> الجيد الثاني | AE3: ='2 ALIYAH C'!U3:U36 -> 1 | AF3: =U3:U35 -> 1 | AG3: =SUM(AE3:AF3) -> 2 | AI3: ='2 ALIYAH C'!V3:V37 -> - | AJ3: =V3:V27 -> - | AK3: =SUM(AI3:AJ3) -> 0
A4: 03 | B4: ='2 ALIYAH C'!B4:D37 -> DWI NOVI ARINI | C4: 2800 | D4: 03 | E4: =TEXT(F4,"[$-2000000]0") -> ٤ | F4: 4 | G4: - | H4: 7 | I4: 7 | J4: 5 | K4: 4 | L4: 5 | M4: 4 | N4: 5 | O4: 4 | P4: 7 | Q4: 7 | R4: 7 | S4: 6 | T4: =SUM(E4:S4) -> 72 | U4: 4 | V4: - | X4: ='2 ALIYAH C'!T4:T37 -> 83 | Y4: =T4 -> 72 | Z4: =X4+Y4 -> 155 | AA4: 26 | AB4: =Z4/AA4 -> 6 | AC4: =IF(AB4>=8.5,"الجيد الأول",IF(AB4>=7.5,"الجيد الثاني",IF(AB4>=6.5,"المتوسط الأول",IF(AB4>=5.5,"المتوسط الثاني",IF(AB4>=4.5,"الرديء",))))) -> المتوسط الثاني | AE4: ='2 ALIYAH C'!U4:U37 -> 4 | AF4: =U4:U35 -> 4 | AG4: =SUM(AE4:AF4) -> 8 | AI4: ='2 ALIYAH C'!V4:V38 -> - | AJ4: =V4:V28 -> - | AK4: =SUM(AI4:AJ4) -> 0
A5: 04 | B5: ='2 ALIYAH C'!B5:D38 -> FATHINA RAMADHANI | C5: 2691 | D5: 04 | E5: =TEXT(F5,"[$-2000000]0") -> ٨ | F5: 8 | G5: - | H5: 8 | I5: 9 | J5: 8 | K5: 7 | L5: 9 | M5: 9 | N5: 7 | O5: 8 | P5: 8 | Q5: 8 | R5: 8 | S5: 8 | T5: =SUM(E5:S5) -> 105 | U5: - | V5: - | X5: ='2 ALIYAH C'!T5:T38 -> 109 | Y5: =T5 -> 105 | Z5: =X5+Y5 -> 214 | AA5: 26 | AB5: =Z5/AA5 -> 8 | AC5: =IF(AB5>=8.5,"الجيد الأول",IF(AB5>=7.5,"الجيد الثاني",IF(AB5>=6.5,"المتوسط الأول",IF(AB5>=5.5,"المتوسط الثاني",IF(AB5>=4.5,"الرديء",))))) -> الجيد الثاني | AE5: ='2 ALIYAH C'!U5:U38 -> 2 | AF5: =U5:U35 -> - | AG5: =SUM(AE5:AF5) -> 2 | AI5: ='2 ALIYAH C'!V5:V39 -> - | AJ5: =V5:V29 -> - | AK5: =SUM(AI5:AJ5) -> 0
A6: 05 | B6: ='2 ALIYAH C'!B6:D39 -> FAZA KAUTSARA | C6: 2693 | D6: 05 | E6: =TEXT(F6,"[$-2000000]0") -> ٧ | F6: 7 | G6: - | H6: 8 | I6: 8 | J6: 6 | K6: 4 | L6: 6 | M6: 4 | N6: 4 | O6: 7 | P6: 7 | Q6: 8 | R6: 7 | S6: 7 | T6: =SUM(E6:S6) -> 83 | U6: - | V6: - | X6: ='2 ALIYAH C'!T6:T39 -> 94 | Y6: =T6 -> 83 | Z6: =X6+Y6 -> 177 | AA6: 26 | AB6: =Z6/AA6 -> 7 | AC6: =IF(AB6>=8.5,"الجيد الأول",IF(AB6>=7.5,"الجيد الثاني",IF(AB6>=6.5,"المتوسط الأول",IF(AB6>=5.5,"المتوسط الثاني",IF(AB6>=4.5,"الرديء",))))) -> المتوسط الأول | AE6: ='2 ALIYAH C'!U6:U39 -> 1 | AF6: =U6:U35 -> - | AG6: =SUM(AE6:AF6) -> 1 | AI6: ='2 ALIYAH C'!V6:V40 -> - | AJ6: =V6:V30 -> - | AK6: =SUM(AI6:AJ6) -> 0
A7: 06 | B7: ='2 ALIYAH C'!B7:D40 -> FAZA NAYYIROTUT THOYYIBAH AL-FAIQOH | C7: 2731 | D7: 06 | E7: =TEXT(F7,"[$-2000000]0") -> ٦ | F7: 6 | G7: - | H7: 7 | I7: 9 | J7: 7 | K7: 7 | L7: 6 | M7: 7 | N7: 9 | O7: 7 | P7: 8 | Q7: 8 | R7: 8 | S7: 8 | T7: =SUM(E7:S7) -> 97 | U7: - | V7: - | X7: ='2 ALIYAH C'!T7:T40 -> 100 | Y7: =T7 -> 97 | Z7: =X7+Y7 -> 197 | AA7: 26 | AB7: =Z7/AA7 -> 8 | AC7: =IF(AB7>=8.5,"الجيد الأول",IF(AB7>=7.5,"الجيد الثاني",IF(AB7>=6.5,"المتوسط الأول",IF(AB7>=5.5,"المتوسط الثاني",IF(AB7>=4.5,"الرديء",))))) -> الجيد الثاني | AE7: ='2 ALIYAH C'!U7:U40 -> - | AF7: =U7:U35 -> - | AG7: =SUM(AE7:AF7) -> 0 | AI7: ='2 ALIYAH C'!V7:V41 -> - | AJ7: =V7:V31 -> - | AK7: =SUM(AI7:AJ7) -> 0
A8: 07 | B8: ='2 ALIYAH C'!B8:D41 -> HARTI MINAWATI | C8: 2694 | D8: 07 | E8: =TEXT(F8,"[$-2000000]0") -> ٩ | F8: 9 | G8: - | H8: 9 | I8: 9 | J8: 9 | K8: 7 | L8: 9 | M8: 4 | N8: 4 | O8: 8 | P8: 8 | Q8: 8 | R8: 8 | S8: 8 | T8: =SUM(E8:S8) -> 100 | U8: - | V8: - | X8: ='2 ALIYAH C'!T8:T41 -> 102 | Y8: =T8 -> 100 | Z8: =X8+Y8 -> 202 | AA8: 26 | AB8: =Z8/AA8 -> 8 | AC8: =IF(AB8>=8.5,"الجيد الأول",IF(AB8>=7.5,"الجيد الثاني",IF(AB8>=6.5,"المتوسط الأول",IF(AB8>=5.5,"المتوسط الثاني",IF(AB8>=4.5,"الرديء",))))) -> الجيد الثاني | AE8: ='2 ALIYAH C'!U8:U41 -> - | AF8: =U8:U35 -> - | AG8: =SUM(AE8:AF8) -> 0 | AI8: ='2 ALIYAH C'!V8:V42 -> - | AJ8: =V8:V32 -> - | AK8: =SUM(AI8:AJ8) -> 0
A9: 08 | B9: HILYATUL AULIYA | C9: 2828 | D9: 08 | E9: =TEXT(F9,"[$-2000000]0") -> ٩ | F9: 9 | G9: - | H9: 9 | I9: 9 | J9: 9 | K9: 9 | L9: 9 | M9: 8 | N9: 9 | O9: 9 | P9: 9 | Q9: 9 | R9: 9 | S9: 8 | T9: =SUM(E9:S9) -> 115 | U9: - | V9: - | X9: ='2 ALIYAH C'!T9:T42 -> 114 | Y9: =T9 -> 115 | Z9: =X9+Y9 -> 229 | AA9: 26 | AB9: =Z9/AA9 -> 9 | AC9: =IF(AB9>=8.5,"الجيد الأول",IF(AB9>=7.5,"الجيد الثاني",IF(AB9>=6.5,"المتوسط الأول",IF(AB9>=5.5,"المتوسط الثاني",IF(AB9>=4.5,"الرديء",))))) -> الجيد الأول | AE9: ='2 ALIYAH C'!U9:U42 -> - | AF9: =U9:U35 -> - | AG9: =SUM(AE9:AF9) -> 0 | AI9: ='2 ALIYAH C'!V9:V43 -> - | AJ9: =V9:V33 -> - | AK9: =SUM(AI9:AJ9) -> 0
A10: 09 | B10: INDAH CAHYAWATI | C10: 2656 | D10: 09 | E10: =TEXT(F10,"[$-2000000]0") -> ٤ | F10: 4 | G10: - | H10: 4 | I10: 4 | J10: 6 | K10: 4 | L10: 7 | M10: 4 | N10: 4 | O10: 4 | P10: 7 | Q10: 7 | R10: 7 | S10: 7 | T10: =SUM(E10:S10) -> 69 | U10: - | V10: 1 | X10: ='2 ALIYAH C'!T10:T43 -> 81 | Y10: =T10 -> 69 | Z10: =X10+Y10 -> 150 | AA10: 26 | AB10: =Z10/AA10 -> 6 | AC10: =IF(AB10>=8.5,"الجيد الأول",IF(AB10>=7.5,"الجيد الثاني",IF(AB10>=6.5,"المتوسط الأول",IF(AB10>=5.5,"المتوسط الثاني",IF(AB10>=4.5,"الرديء",))))) -> المتوسط الثاني | AE10: ='2 ALIYAH C'!U10:U43 -> 6 | AF10: =U10:U35 -> - | AG10: =SUM(AE10:AF10) -> 6 | AI10: ='2 ALIYAH C'!V10:V44 -> 7 | AJ10: =V10:V34 -> 1 | AK10: =SUM(AI10:AJ10) -> 8
A11: 10 | B11: JUMROTUL KHASANAH | C11: 2695 | D11: 10 | E11: =TEXT(F11,"[$-2000000]0") -> ٥ | F11: 5 | G11: - | H11: 8 | I11: 7 | J11: 6 | K11: 6 | L11: 9 | M11: 4 | N11: 7 | O11: 6 | P11: 8 | Q11: 7 | R11: 8 | S11: 8 | T11: =SUM(E11:S11) -> 89 | U11: - | V11: - | X11: ='2 ALIYAH C'!T11:T44 -> 101 | Y11: =T11 -> 89 | Z11: =X11+Y11 -> 190 | AA11: 26 | AB11: =Z11/AA11 -> 7 | AC11: =IF(AB11>=8.5,"الجيد الأول",IF(AB11>=7.5,"الجيد الثاني",IF(AB11>=6.5,"المتوسط الأول",IF(AB11>=5.5,"المتوسط الثاني",IF(AB11>=4.5,"الرديء",))))) -> المتوسط الأول | AE11: ='2 ALIYAH C'!U11:U44 -> 1 | AF11: =U11:U35 -> - | AG11: =SUM(AE11:AF11) -> 1 | AI11: ='2 ALIYAH C'!V11:V45 -> - | AJ11: =V11:V35 -> - | AK11: =SUM(AI11:AJ11) -> 0
A12: 11 | B12: KHADIJAH AZZAHRA | C12: 2538 | D12: 11 | E12: =TEXT(F12,"[$-2000000]0") -> ٤ | F12: 4 | G12: - | H12: 5 | I12: 5 | J12: 4 | K12: 7 | L12: 6 | M12: 4 | N12: 4 | O12: 5 | P12: 7 | Q12: 7 | R12: 8 | S12: 8 | T12: =SUM(E12:S12) -> 74 | U12: 6 | V12: - | X12: ='2 ALIYAH C'!T12:T45 -> 76 | Y12: =T12 -> 74 | Z12: =X12+Y12 -> 150 | AA12: 26 | AB12: =Z12/AA12 -> 6 | AC12: =IF(AB12>=8.5,"الجيد الأول",IF(AB12>=7.5,"الجيد الثاني",IF(AB12>=6.5,"المتوسط الأول",IF(AB12>=5.5,"المتوسط الثاني",IF(AB12>=4.5,"الرديء",))))) -> المتوسط الثاني | AE12: ='2 ALIYAH C'!U12:U45 -> - | AF12: =U12:U35 -> 6 | AG12: =SUM(AE12:AF12) -> 6 | AI12: ='2 ALIYAH C'!V12:V46 -> - | AJ12: =V12:V35 -> - | AK12: =SUM(AI12:AJ12) -> 0
A13: 12 | B13: LINAILI SYAUQIYATU ZAHRO | C13: 2767 | D13: 12 | E13: =TEXT(F13,"[$-2000000]0") -> ٩ | F13: 9 | G13: - | H13: 9 | I13: 9 | J13: 9 | K13: 9 | L13: 8 | M13: 9 | N13: 9 | O13: 9 | P13: 9 | Q13: 8 | R13: 8 | S13: 8 | T13: =SUM(E13:S13) -> 113 | U13: 1 | V13: - | X13: ='2 ALIYAH C'!T13:T46 -> 114 | Y13: =T13 -> 113 | Z13: =X13+Y13 -> 227 | AA13: 26 | AB13: =Z13/AA13 -> 9 | AC13: =IF(AB13>=8.5,"الجيد الأول",IF(AB13>=7.5,"الجيد الثاني",IF(AB13>=6.5,"المتوسط الأول",IF(AB13>=5.5,"المتوسط الثاني",IF(AB13>=4.5,"الرديء",))))) -> الجيد الأول | AE13: ='2 ALIYAH C'!U13:U46 -> 1 | AF13: =U13:U36 -> 1 | AG13: =SUM(AE13:AF13) -> 2 | AI13: ='2 ALIYAH C'!V13:V47 -> - | AJ13: =V13:V35 -> - | AK13: =SUM(AI13:AJ13) -> 0
A14: 13 | B14: LITA RAHMA AULIA | C14: 2735 | D14: 13 | E14: =TEXT(F14,"[$-2000000]0") -> ٩ | F14: 9 | G14: - | H14: 9 | I14: 9 | J14: 9 | K14: 9 | L14: 9 | M14: 8 | N14: 9 | O14: 9 | P14: 9 | Q14: 8 | R14: 8 | S14: 8 | T14: =SUM(E14:S14) -> 113 | U14: - | V14: - | X14: ='2 ALIYAH C'!T14:T47 -> 112 | Y14: =T14 -> 113 | Z14: =X14+Y14 -> 225 | AA14: 26 | AB14: =Z14/AA14 -> 9 | AC14: =IF(AB14>=8.5,"الجيد الأول",IF(AB14>=7.5,"الجيد الثاني",IF(AB14>=6.5,"المتوسط الأول",IF(AB14>=5.5,"المتوسط الثاني",IF(AB14>=4.5,"الرديء",))))) -> الجيد الأول | AE14: ='2 ALIYAH C'!U14:U47 -> - | AF14: =U14:U37 -> - | AG14: =SUM(AE14:AF14) -> 0 | AI14: ='2 ALIYAH C'!V14:V48 -> - | AJ14: =V14:V35 -> - | AK14: =SUM(AI14:AJ14) -> 0
A15: 14 | B15: MAEMUNAH RIZKY AMALIA | C15: 2894 | D15: 14 | E15: =TEXT(F15,"[$-2000000]0") -> ٩ | F15: 9 | G15: - | H15: 9 | I15: 9 | J15: 9 | K15: 8 | L15: 8 | M15: 7 | N15: 9 | O15: 8 | P15: 8 | Q15: 8 | R15: 8 | S15: 8 | T15: =SUM(E15:S15) -> 108 | U15: - | V15: - | X15: ='2 ALIYAH C'!T15:T48 -> 110 | Y15: =T15 -> 108 | Z15: =X15+Y15 -> 218 | AA15: 26 | AB15: =Z15/AA15 -> 8 | AC15: =IF(AB15>=8.5,"الجيد الأول",IF(AB15>=7.5,"الجيد الثاني",IF(AB15>=6.5,"المتوسط الأول",IF(AB15>=5.5,"المتوسط الثاني",IF(AB15>=4.5,"الرديء",))))) -> الجيد الثاني | AE15: ='2 ALIYAH C'!U15:U48 -> 5 | AF15: =U15:U38 -> - | AG15: =SUM(AE15:AF15) -> 5 | AI15: ='2 ALIYAH C'!V15:V49 -> 1 | AJ15: =V15:V35 -> - | AK15: =SUM(AI15:AJ15) -> 1
A16: 15 | B16: NAFIAH RS. | C16: 2834 | D16: 15 | E16: =TEXT(F16,"[$-2000000]0") -> ٦ | F16: 6 | G16: - | H16: 9 | I16: 8 | J16: 7 | K16: 7 | L16: 9 | M16: 9 | N16: 8 | O16: 8 | P16: 8 | Q16: 8 | R16: 8 | S16: 8 | T16: =SUM(E16:S16) -> 103 | U16: - | V16: - | X16: ='2 ALIYAH C'!T16:T49 -> 105 | Y16: =T16 -> 103 | Z16: =X16+Y16 -> 208 | AA16: 26 | AB16: =Z16/AA16 -> 8 | AC16: =IF(AB16>=8.5,"الجيد الأول",IF(AB16>=7.5,"الجيد الثاني",IF(AB16>=6.5,"المتوسط الأول",IF(AB16>=5.5,"المتوسط الثاني",IF(AB16>=4.5,"الرديء",))))) -> الجيد الثاني | AE16: ='2 ALIYAH C'!U16:U49 -> - | AF16: =U16:U39 -> - | AG16: =SUM(AE16:AF16) -> 0 | AI16: ='2 ALIYAH C'!V16:V50 -> 1 | AJ16: =V16:V35 -> - | AK16: =SUM(AI16:AJ16) -> 1
A17: 16 | B17: NAZILATUR ROKHMAH | C17: 2772 | D17: 16 | E17: =TEXT(F17,"[$-2000000]0") -> ٩ | F17: 9 | G17: - | H17: 8 | I17: 9 | J17: 6 | K17: 8 | L17: 9 | M17: 7 | N17: 7 | O17: 9 | P17: 9 | Q17: 8 | R17: 8 | S17: 8 | T17: =SUM(E17:S17) -> 105 | U17: - | V17: - | X17: ='2 ALIYAH C'!T17:T50 -> 107 | Y17: =T17 -> 105 | Z17: =X17+Y17 -> 212 | AA17: 26 | AB17: =Z17/AA17 -> 8 | AC17: =IF(AB17>=8.5,"الجيد الأول",IF(AB17>=7.5,"الجيد الثاني",IF(AB17>=6.5,"المتوسط الأول",IF(AB17>=5.5,"المتوسط الثاني",IF(AB17>=4.5,"الرديء",))))) -> الجيد الثاني | AE17: ='2 ALIYAH C'!U17:U50 -> 4 | AF17: =U17:U40 -> - | AG17: =SUM(AE17:AF17) -> 4 | AI17: ='2 ALIYAH C'!V17:V51 -> 3 | AJ17: =V17:V35 -> - | AK17: =SUM(AI17:AJ17) -> 3
A18: 17 | B18: NIDATUL QOLBIYYAH | C18: 2810 | D18: 17 | E18: =TEXT(F18,"[$-2000000]0") -> ٩ | F18: 9 | G18: - | H18: 9 | I18: 9 | J18: 8 | K18: 8 | L18: 9 | M18: 4 | N18: 9 | O18: 7 | P18: 7 | Q18: 8 | R18: 8 | S18: 7 | T18: =SUM(E18:S18) -> 102 | U18: 2 | V18: - | X18: ='2 ALIYAH C'!T18:T51 -> 108 | Y18: =T18 -> 102 | Z18: =X18+Y18 -> 210 | AA18: 26 | AB18: =Z18/AA18 -> 8 | AC18: =IF(AB18>=8.5,"الجيد الأول",IF(AB18>=7.5,"الجيد الثاني",IF(AB18>=6.5,"المتوسط الأول",IF(AB18>=5.5,"المتوسط الثاني",IF(AB18>=4.5,"الرديء",))))) -> الجيد الثاني | AE18: ='2 ALIYAH C'!U18:U51 -> 1 | AF18: =U18:U41 -> 2 | AG18: =SUM(AE18:AF18) -> 3 | AI18: ='2 ALIYAH C'!V18:V52 -> - | AJ18: =V18:V35 -> - | AK18: =SUM(AI18:AJ18) -> 0
A19: 18 | B19: NIRAHAYU | C19: 2742 | D19: 18 | E19: =TEXT(F19,"[$-2000000]0") -> ٨ | F19: 8 | G19: - | H19: 9 | I19: 9 | J19: 9 | K19: 8 | L19: 9 | M19: 6 | N19: 8 | O19: 8 | P19: 8 | Q19: 8 | R19: 8 | S19: 8 | T19: =SUM(E19:S19) -> 106 | U19: 1 | V19: - | X19: ='2 ALIYAH C'!T19:T52 -> 110 | Y19: =T19 -> 106 | Z19: =X19+Y19 -> 216 | AA19: 26 | AB19: =Z19/AA19 -> 8 | AC19: =IF(AB19>=8.5,"الجيد الأول",IF(AB19>=7.5,"الجيد الثاني",IF(AB19>=6.5,"المتوسط الأول",IF(AB19>=5.5,"المتوسط الثاني",IF(AB19>=4.5,"الرديء",))))) -> الجيد الثاني | AE19: ='2 ALIYAH C'!U19:U52 -> 1 | AF19: =U19:U42 -> 1 | AG19: =SUM(AE19:AF19) -> 2 | AI19: ='2 ALIYAH C'!V19:V53 -> - | AJ19: =V19:V35 -> - | AK19: =SUM(AI19:AJ19) -> 0
A20: 19 | B20: NUR HIDAYATUL KHASANAH | C20: 2707 | D20: 19 | E20: =TEXT(F20,"[$-2000000]0") -> ٦ | F20: 6 | G20: - | H20: 7 | I20: 7 | J20: 8 | K20: 9 | L20: 9 | M20: 6 | N20: 7 | O20: 7 | P20: 7 | Q20: 8 | R20: 8 | S20: 8 | T20: =SUM(E20:S20) -> 97 | U20: - | V20: - | X20: ='2 ALIYAH C'!T20:T53 -> 109 | Y20: =T20 -> 97 | Z20: =X20+Y20 -> 206 | AA20: 26 | AB20: =Z20/AA20 -> 8 | AC20: =IF(AB20>=8.5,"الجيد الأول",IF(AB20>=7.5,"الجيد الثاني",IF(AB20>=6.5,"المتوسط الأول",IF(AB20>=5.5,"المتوسط الثاني",IF(AB20>=4.5,"الرديء",))))) -> الجيد الثاني | AE20: ='2 ALIYAH C'!U20:U53 -> - | AF20: =U20:U43 -> - | AG20: =SUM(AE20:AF20) -> 0 | AI20: ='2 ALIYAH C'!V20:V54 -> - | AJ20: =V20:V35 -> - | AK20: =SUM(AI20:AJ20) -> 0
A21: 20 | B21: NUZLAH FITRIYANI | C21: 2811 | D21: 20 | E21: =TEXT(F21,"[$-2000000]0") -> ٥ | F21: 5 | G21: - | H21: 6 | I21: 7 | J21: 4 | K21: 5 | L21: 8 | M21: 4 | N21: 4 | O21: 5 | P21: 8 | Q21: 7 | R21: 8 | S21: 8 | T21: =SUM(E21:S21) -> 79 | U21: 1 | V21: - | X21: ='2 ALIYAH C'!T21:T54 -> 90 | Y21: =T21 -> 79 | Z21: =X21+Y21 -> 169 | AA21: 26 | AB21: =Z21/AA21 -> 7 | AC21: =IF(AB21>=8.5,"الجيد الأول",IF(AB21>=7.5,"الجيد الثاني",IF(AB21>=6.5,"المتوسط الأول",IF(AB21>=5.5,"المتوسط الثاني",IF(AB21>=4.5,"الرديء",))))) -> المتوسط الأول | AE21: ='2 ALIYAH C'!U21:U54 -> 1 | AF21: =U21:U44 -> 1 | AG21: =SUM(AE21:AF21) -> 2 | AI21: ='2 ALIYAH C'!V21:V55 -> - | AJ21: =V21:V36 -> - | AK21: =SUM(AI21:AJ21) -> 0
A22: 21 | B22: PUTRI FAJRI HIDAYAH | C22: 2512 | D22: 21 | E22: =TEXT(F22,"[$-2000000]0") -> ٤ | F22: 4 | G22: - | H22: 8 | I22: 6 | J22: 5 | K22: 5 | L22: 8 | M22: 4 | N22: 4 | O22: 6 | P22: 8 | Q22: 7 | R22: 7 | S22: 7 | T22: =SUM(E22:S22) -> 79 | U22: 1 | V22: - | X22: ='2 ALIYAH C'!T22:T55 -> 77 | Y22: =T22 -> 79 | Z22: =X22+Y22 -> 156 | AA22: 26 | AB22: =Z22/AA22 -> 6 | AC22: =IF(AB22>=8.5,"الجيد الأول",IF(AB22>=7.5,"الجيد الثاني",IF(AB22>=6.5,"المتوسط الأول",IF(AB22>=5.5,"المتوسط الثاني",IF(AB22>=4.5,"الرديء",))))) -> المتوسط الثاني | AE22: ='2 ALIYAH C'!U22:U55 -> 2 | AF22: =U22:U45 -> 1 | AG22: =SUM(AE22:AF22) -> 3 | AI22: ='2 ALIYAH C'!V22:V56 -> 2 | AJ22: =V22:V37 -> - | AK22: =SUM(AI22:AJ22) -> 2
A23: 22 | B23: RAISYA PUTRI FADLILAH | C23: 2843 | D23: 22 | E23: =TEXT(F23,"[$-2000000]0") -> ٧ | F23: 7 | G23: - | H23: 8 | I23: 8 | J23: 6 | K23: 4 | L23: 5 | M23: 5 | N23: 8 | O23: 7 | P23: 8 | Q23: 8 | R23: 8 | S23: 8 | T23: =SUM(E23:S23) -> 90 | U23: - | V23: - | X23: ='2 ALIYAH C'!T23:T56 -> 99 | Y23: =T23 -> 90 | Z23: =X23+Y23 -> 189 | AA23: 26 | AB23: =Z23/AA23 -> 7 | AC23: =IF(AB23>=8.5,"الجيد الأول",IF(AB23>=7.5,"الجيد الثاني",IF(AB23>=6.5,"المتوسط الأول",IF(AB23>=5.5,"المتوسط الثاني",IF(AB23>=4.5,"الرديء",))))) -> المتوسط الأول | AE23: ='2 ALIYAH C'!U23:U56 -> - | AF23: =U23:U46 -> - | AG23: =SUM(AE23:AF23) -> 0 | AI23: ='2 ALIYAH C'!V23:V57 -> - | AJ23: =V23:V38 -> - | AK23: =SUM(AI23:AJ23) -> 0
A24: 23 | B24: REVA FAHRA AISYYAH | C24: 2746 | D24: 23 | E24: =TEXT(F24,"[$-2000000]0") -> ٩ | F24: 9 | G24: - | H24: 9 | I24: 9 | J24: 9 | K24: 8 | L24: 8 | M24: 7 | N24: 9 | O24: 9 | P24: 9 | Q24: 9 | R24: 8 | S24: 8 | T24: =SUM(E24:S24) -> 111 | U24: 1 | V24: - | X24: ='2 ALIYAH C'!T24:T57 -> 114 | Y24: =T24 -> 111 | Z24: =X24+Y24 -> 225 | AA24: 26 | AB24: =Z24/AA24 -> 9 | AC24: =IF(AB24>=8.5,"الجيد الأول",IF(AB24>=7.5,"الجيد الثاني",IF(AB24>=6.5,"المتوسط الأول",IF(AB24>=5.5,"المتوسط الثاني",IF(AB24>=4.5,"الرديء",))))) -> الجيد الأول | AE24: ='2 ALIYAH C'!U24:U57 -> - | AF24: =U24:U47 -> 1 | AG24: =SUM(AE24:AF24) -> 1 | AI24: ='2 ALIYAH C'!V24:V58 -> - | AJ24: =V24:V39 -> - | AK24: =SUM(AI24:AJ24) -> 0
A25: 24 | B25: RINA OKTAVIANI | C25: 2709 | D25: 24 | E25: =TEXT(F25,"[$-2000000]0") -> ٧ | F25: 7 | G25: - | H25: 9 | I25: 7 | J25: 9 | K25: 7 | L25: 9 | M25: 5 | N25: 7 | O25: 5 | P25: 8 | Q25: 8 | R25: 8 | S25: 8 | T25: =SUM(E25:S25) -> 97 | U25: - | V25: - | X25: ='2 ALIYAH C'!T25:T58 -> 96 | Y25: =T25 -> 97 | Z25: =X25+Y25 -> 193 | AA25: 26 | AB25: =Z25/AA25 -> 7 | AC25: =IF(AB25>=8.5,"الجيد الأول",IF(AB25>=7.5,"الجيد الثاني",IF(AB25>=6.5,"المتوسط الأول",IF(AB25>=5.5,"المتوسط الثاني",IF(AB25>=4.5,"الرديء",))))) -> المتوسط الأول | AE25: ='2 ALIYAH C'!U25:U58 -> - | AF25: =U25:U48 -> - | AG25: =SUM(AE25:AF25) -> 0 | AI25: ='2 ALIYAH C'!V25:V59 -> - | AJ25: =V25:V40 -> - | AK25: =SUM(AI25:AJ25) -> 0
A26: 25 | B26: RIZMA NOVITA RAHMA | C26: 2904 | D26: 25 | E26: =TEXT(F26,"[$-2000000]0") -> ٨ | F26: 8 | G26: - | H26: 8 | I26: 8 | J26: 7 | K26: 6 | L26: 9 | M26: 5 | N26: 8 | O26: 7 | P26: 8 | Q26: 8 | R26: 8 | S26: 7 | T26: =SUM(E26:S26) -> 97 | U26: 2 | V26: - | X26: ='2 ALIYAH C'!T26:T59 -> 97 | Y26: =T26 -> 97 | Z26: =X26+Y26 -> 194 | AA26: 26 | AB26: =Z26/AA26 -> 7 | AC26: =IF(AB26>=8.5,"الجيد الأول",IF(AB26>=7.5,"الجيد الثاني",IF(AB26>=6.5,"المتوسط الأول",IF(AB26>=5.5,"المتوسط الثاني",IF(AB26>=4.5,"الرديء",))))) -> المتوسط الأول | AE26: ='2 ALIYAH C'!U26:U59 -> - | AF26: =U26:U50 -> 2 | AG26: =SUM(AE26:AF26) -> 2 | AI26: ='2 ALIYAH C'!V26:V60 -> - | AJ26: =V26:V42 -> - | AK26: =SUM(AI26:AJ26) -> 0
A27: 26 | B27: SASKIA NAYLA FAUZIYAH | C27: 2878 | D27: 26 | E27: =TEXT(F27,"[$-2000000]0") -> ٩ | F27: 9 | G27: - | H27: 9 | I27: 9 | J27: 9 | K27: 9 | L27: 9 | M27: 9 | N27: 9 | O27: 9 | P27: 9 | Q27: 9 | R27: 9 | S27: 8 | T27: =SUM(E27:S27) -> 116 | U27: - | V27: - | X27: ='2 ALIYAH C'!T27:T60 -> 116 | Y27: =T27 -> 116 | Z27: =X27+Y27 -> 232 | AA27: 26 | AB27: =Z27/AA27 -> 9 | AC27: =IF(AB27>=8.5,"الجيد الأول",IF(AB27>=7.5,"الجيد الثاني",IF(AB27>=6.5,"المتوسط الأول",IF(AB27>=5.5,"المتوسط الثاني",IF(AB27>=4.5,"الرديء",))))) -> الجيد الأول | AE27: ='2 ALIYAH C'!U27:U60 -> 1 | AF27: =U27:U51 -> - | AG27: =SUM(AE27:AF27) -> 1 | AI27: ='2 ALIYAH C'!V27:V61 -> - | AJ27: =V27:V43 -> - | AK27: =SUM(AI27:AJ27) -> 0
A28: 27 | B28: SILVY FATIYYA MAUDIDA | C28: 2880 | D28: 27 | E28: =TEXT(F28,"[$-2000000]0") -> ٥ | F28: 5 | G28: - | H28: 8 | I28: 6 | J28: 6 | K28: 6 | L28: 9 | M28: 4 | N28: 6 | O28: 4 | P28: 8 | Q28: 7 | R28: 8 | S28: 8 | T28: =SUM(E28:S28) -> 85 | U28: 1 | V28: - | X28: ='2 ALIYAH C'!T28:T61 -> 90 | Y28: =T28 -> 85 | Z28: =X28+Y28 -> 175 | AA28: 26 | AB28: =Z28/AA28 -> 7 | AC28: =IF(AB28>=8.5,"الجيد الأول",IF(AB28>=7.5,"الجيد الثاني",IF(AB28>=6.5,"المتوسط الأول",IF(AB28>=5.5,"المتوسط الثاني",IF(AB28>=4.5,"الرديء",))))) -> المتوسط الأول | AE28: ='2 ALIYAH C'!U28:U61 -> - | AF28: =U28:U52 -> 1 | AG28: =SUM(AE28:AF28) -> 1 | AI28: ='2 ALIYAH C'!V28:V62 -> 2 | AJ28: =V28:V44 -> - | AK28: =SUM(AI28:AJ28) -> 2
A29: 28 | B29: UMI KULTSUM | C29: 2850 | D29: 28 | E29: =TEXT(F29,"[$-2000000]0") -> ٦ | F29: 6 | G29: - | H29: 6 | I29: 8 | J29: 6 | K29: 5 | L29: 9 | M29: 4 | N29: 4 | O29: 7 | P29: 8 | Q29: 8 | R29: 8 | S29: 8 | T29: =SUM(E29:S29) -> 87 | U29: - | V29: 1 | X29: ='2 ALIYAH C'!T29:T62 -> 88 | Y29: =T29 -> 87 | Z29: =X29+Y29 -> 175 | AA29: 26 | AB29: =Z29/AA29 -> 7 | AC29: =IF(AB29>=8.5,"الجيد الأول",IF(AB29>=7.5,"الجيد الثاني",IF(AB29>=6.5,"المتوسط الأول",IF(AB29>=5.5,"المتوسط الثاني",IF(AB29>=4.5,"الرديء",))))) -> المتوسط الأول | AE29: ='2 ALIYAH C'!U29:U62 -> - | AF29: =U29:U53 -> - | AG29: =SUM(AE29:AF29) -> 0 | AI29: ='2 ALIYAH C'!V29:V63 -> - | AJ29: =V29:V45 -> 1 | AK29: =SUM(AI29:AJ29) -> 1
A30: 29 | B30: UMMU NAFISAH SALMA | C30: 2752 | D30: 29 | E30: =TEXT(F30,"[$-2000000]0") -> ٨ | F30: 8 | G30: - | H30: 9 | I30: 8 | J30: 6 | K30: 6 | L30: 5 | M30: 4 | N30: 4 | O30: 7 | P30: 8 | Q30: 7 | R30: 8 | S30: 8 | T30: =SUM(E30:S30) -> 88 | U30: - | V30: - | X30: ='2 ALIYAH C'!T30:T63 -> 88 | Y30: =T30 -> 88 | Z30: =X30+Y30 -> 176 | AA30: 26 | AB30: =Z30/AA30 -> 7 | AC30: =IF(AB30>=8.5,"الجيد الأول",IF(AB30>=7.5,"الجيد الثاني",IF(AB30>=6.5,"المتوسط الأول",IF(AB30>=5.5,"المتوسط الثاني",IF(AB30>=4.5,"الرديء",))))) -> المتوسط الأول | AE30: ='2 ALIYAH C'!U30:U63 -> - | AF30: =U30:U54 -> - | AG30: =SUM(AE30:AF30) -> 0 | AI30: ='2 ALIYAH C'!V30:V64 -> - | AJ30: =V30:V46 -> - | AK30: =SUM(AI30:AJ30) -> 0
A31: 30 | B31: VIA HIKMATUL MAULA | C31: 2910 | D31: 30 | E31: =TEXT(F31,"[$-2000000]0") -> ٤ | F31: 4 | G31: - | H31: 7 | I31: 5 | J31: 5 | K31: 4 | L31: 6 | M31: 5 | N31: 4 | O31: 6 | P31: 8 | Q31: 7 | R31: 8 | S31: 8 | T31: =SUM(E31:S31) -> 77 | U31: 2 | V31: - | X31: ='2 ALIYAH C'!T31:T64 -> 76 | Y31: =T31 -> 77 | Z31: =X31+Y31 -> 153 | AA31: 26 | AB31: =Z31/AA31 -> 6 | AC31: =IF(AB31>=8.5,"الجيد الأول",IF(AB31>=7.5,"الجيد الثاني",IF(AB31>=6.5,"المتوسط الأول",IF(AB31>=5.5,"المتوسط الثاني",IF(AB31>=4.5,"الرديء",))))) -> المتوسط الثاني | AE31: ='2 ALIYAH C'!U31:U64 -> - | AF31: =U31:U55 -> 2 | AG31: =SUM(AE31:AF31) -> 2 | AI31: ='2 ALIYAH C'!V31:V65 -> - | AJ31: =V31:V47 -> - | AK31: =SUM(AI31:AJ31) -> 0
A32: 31 | B32: VINA HIMMATUL QUDSIYAH | C32: 4267 | D32: 31 | E32: =TEXT(F32,"[$-2000000]0") -> ٦ | F32: 6 | G32: - | H32: 4 | I32: 5 | J32: 4 | K32: 4 | L32: 6 | M32: 5 | N32: 4 | O32: 5 | P32: 7 | Q32: 7 | R32: 8 | S32: 7 | T32: =SUM(E32:S32) -> 72 | U32: - | V32: - | X32: ='2 ALIYAH C'!T32:T65 -> 70 | Y32: =T32 -> 72 | Z32: =X32+Y32 -> 142 | AA32: 26 | AB32: =Z32/AA32 -> 5 | AC32: =IF(AB32>=8.5,"الجيد الأول",IF(AB32>=7.5,"الجيد الثاني",IF(AB32>=6.5,"المتوسط الأول",IF(AB32>=5.5,"المتوسط الثاني",IF(AB32>=4.5,"الرديء",))))) -> الرديء | AE32: ='2 ALIYAH C'!U32:U65 -> - | AF32: =U32:U56 -> - | AG32: =SUM(AE32:AF32) -> 0 | AI32: ='2 ALIYAH C'!V32:V66 -> - | AJ32: =V32:V48 -> - | AK32: =SUM(AI32:AJ32) -> 0
A33: 32 | B33: ZAHRA ALFIYATUNNISA | C33: 2882 | D33: 32 | E33: =TEXT(F33,"[$-2000000]0") -> ٦ | F33: 6 | G33: - | H33: 8 | I33: 7 | J33: 8 | K33: 4 | L33: 6 | M33: 8 | N33: 5 | O33: 7 | P33: 8 | Q33: 7 | R33: 8 | S33: 7 | T33: =SUM(E33:S33) -> 89 | U33: 1 | V33: - | X33: ='2 ALIYAH C'!T33:T66 -> 88 | Y33: =T33 -> 89 | Z33: =X33+Y33 -> 177 | AA33: 26 | AB33: =Z33/AA33 -> 7 | AC33: =IF(AB33>=8.5,"الجيد الأول",IF(AB33>=7.5,"الجيد الثاني",IF(AB33>=6.5,"المتوسط الأول",IF(AB33>=5.5,"المتوسط الثاني",IF(AB33>=4.5,"الرديء",))))) -> المتوسط الأول | AE33: ='2 ALIYAH C'!U33:U66 -> - | AF33: =U33:U57 -> 1 | AG33: =SUM(AE33:AF33) -> 1 | AI33: ='2 ALIYAH C'!V33:V67 -> - | AJ33: =V33:V49 -> - | AK33: =SUM(AI33:AJ33) -> 0
A34: 33 | B34: ZIANA DEWI AISYAH | C34: 2720 | D34: 33 | E34: =TEXT(F34,"[$-2000000]0") -> ٦ | F34: 6 | G34: - | H34: 9 | I34: 8 | J34: 5 | K34: 5 | L34: 6 | M34: 6 | N34: 4 | O34: 6 | P34: 8 | Q34: 8 | R34: 8 | S34: 8 | T34: =SUM(E34:S34) -> 87 | U34: 3 | V34: - | X34: ='2 ALIYAH C'!T34:T67 -> 88 | Y34: =T34 -> 87 | Z34: =X34+Y34 -> 175 | AA34: 26 | AB34: =Z34/AA34 -> 7 | AC34: =IF(AB34>=8.5,"الجيد الأول",IF(AB34>=7.5,"الجيد الثاني",IF(AB34>=6.5,"المتوسط الأول",IF(AB34>=5.5,"المتوسط الثاني",IF(AB34>=4.5,"الرديء",))))) -> المتوسط الأول | AE34: ='2 ALIYAH C'!U34:U67 -> 2 | AF34: =U34:U58 -> 3 | AG34: =SUM(AE34:AF34) -> 5 | AI34: ='2 ALIYAH C'!V34:V68 -> 1 | AJ34: =V34:V50 -> - | AK34: =SUM(AI34:AJ34) -> 1
A35: 34 | B35: ZILDA KHAFYANA SARI MUNAZAH | C35: 2851 | D35: 34 | E35: =TEXT(F35,"[$-2000000]0") -> ٨ | F35: 8 | G35: - | H35: 9 | I35: 8 | J35: 6 | K35: 6 | L35: 8 | M35: 5 | N35: 7 | O35: 5 | P35: 8 | Q35: 7 | R35: 8 | S35: 8 | T35: =SUM(E35:S35) -> 93 | U35: 1 | V35: - | X35: ='2 ALIYAH C'!T35:T68 -> 98 | Y35: =T35 -> 93 | Z35: =X35+Y35 -> 191 | AA35: 26 | AB35: =Z35/AA35 -> 7 | AC35: =IF(AB35>=8.5,"الجيد الأول",IF(AB35>=7.5,"الجيد الثاني",IF(AB35>=6.5,"المتوسط الأول",IF(AB35>=5.5,"المتوسط الثاني",IF(AB35>=4.5,"الرديء",))))) -> المتوسط الأول | AE35: ='2 ALIYAH C'!U35:U68 -> 6 | AF35: =U35:U59 -> 1 | AG35: =SUM(AE35:AF35) -> 7 | AI35: ='2 ALIYAH C'!V35:V69 -> - | AJ35: =V35:V51 -> - | AK35: =SUM(AI35:AJ35) -> 0
B36: NILAI 'AM | E36: =TEXT(F36,"[$-2000000]0") -> ٢٣٣ | F36: =SUM(F2:F35) -> 233 | G36: =SUM(G2:G35) -> 0 | H36: =SUM(H2:H35) -> 267 | I36: =SUM(I2:I35) -> 260 | J36: =SUM(J2:J35) -> 229 | K36: =SUM(K2:K35) -> 219 | L36: =SUM(L2:L35) -> 261 | M36: =SUM(M2:M35) -> 197 | ... S36: =SUM(S2:S35) -> 263 | AI36: ='2 ALIYAH C'!V36:V76 -> -
B40: PRESTASI BEDA DENGAN BPK | H40: NILAI 'AM
H41: =E36/D35 -> 7
H42: -
H43: =H36/D35 -> 8
H44: =I36/D35 -> 8
H45: =J36/D35 -> 7
H46: =K36/D35 -> 6
H47: =L36/D35 -> 8
H48: =M36/D35 -> 6
H49: =N36/D35 -> 6
H50: =O36/D35 -> 7
H51: =P36/D35 -> 8
H52: =Q36/D35 -> 8
H53: =R36/D35 -> 8
H54: =S36/D35 -> 8
H55: =SUM(H41:H54) -> 95

Sheet 2 ALY D
A1: No. Tamrin | B1: Nama | C1: No. Stambuk | D1: JML Siswi | E1: تفسير الجلالين | G1: إتمام الدراية | H1: رياض الصالحين | I1: كفاية العوام | J1: فتح المعين | K1: تسهيل الطرقات | L1: مبادئ قواعد الفقهية | M1: عدة الفارض | N1: الفية ابن مالك | O1: بداية الهداية | P1: الخط \ الإملاء | Q1: قراءة الكتب | R1: المحافظة | S1: الأخلاق | T1: جمل أرقام الدرجات الدراسية | U1: بإذن | V1: بغيره | X1: SEMESTER I | Y1: semester II | Z1: Jumlah | AA1: pelajaran SI & S II | AB1: rata-rata | AC1: niai prestasi | AE1: S1 | AF1: S2 | AG1: JUMLAH IDZNI | AI1: S 1 | AJ1: S 2 | AK1: JUMLAH BIGHOIRIHI
A2: ='2 ALIYAH D'!A2:C33 -> 01 | B2: ='2 ALIYAH D'!B2:D33 -> ABIDAH SYAKIRAH | C2: ='2 ALIYAH D'!C2:E33 -> 2651 | D2: 01 | E2: =TEXT(F2,"[$-2000000]0") -> ٠ | T2: =SUM(E2:S2) -> 0 | U2: - | V2: - | X2: ='2 ALIYAH D'!T2:T33 -> 98 | Y2: =T2 -> 0 | Z2: =X2+Y2 -> 98 | AA2: 26 | AB2: =Z2/AA2 -> 4 | AC2: =IF(AB2>=8.5,"الجيد الأول",IF(AB2>=7.5,"الجيد الثاني",IF(AB2>=6.5,"المتوسط الأول",IF(AB2>=5.5,"المتوسط الثاني",IF(AB2>=4.5,"الرديء",))))) -> 0 | AE2: ='2 ALIYAH D'!U2:U34 -> - | AF2: =U2:U38 -> - | AG2: =SUM(AE2:AF2) -> 0 | AI2: ='2 ALIYAH D'!V2:V33 -> 2 | AJ2: =V2:V27 -> - | AK2: =SUM(AI2:AJ2) -> 2
A3: ='2 ALIYAH D'!A3:C34 -> 02 | B3: ='2 ALIYAH D'!B3:D34 -> AISA DAFA AZALIA | C3: ='2 ALIYAH D'!C3:E34 -> 2721 | D3: 02 | E3: =TEXT(F3,"[$-2000000]0") -> ٠ | T3: =SUM(E3:S3) -> 0 | U3: - | V3: - | X3: ='2 ALIYAH D'!T3:T34 -> 104 | Y3: =T3 -> 0 | Z3: =X3+Y3 -> 104 | AA3: 26 | AB3: =Z3/AA3 -> 4 | AC3: =IF(AB3>=8.5,"الجيد الأول",IF(AB3>=7.5,"الجيد الثاني",IF(AB3>=6.5,"المتوسط الأول",IF(AB3>=5.5,"المتوسط الثاني",IF(AB3>=4.5,"الرديء",))))) -> 0 | AE3: ='2 ALIYAH D'!U3:U35 -> - | AF3: =U3:U38 -> - | AG3: =SUM(AE3:AF3) -> 0 | AI3: ='2 ALIYAH D'!V3:V34 -> - | AJ3: =V3:V28 -> - | AK3: =SUM(AI3:AJ3) -> 0
A4: ='2 ALIYAH D'!A4:C35 -> 03 | B4: ='2 ALIYAH D'!B4:D35 -> ARIFATUL KHUSNA | C4: ='2 ALIYAH D'!C4:E35 -> 2726 | D4: 03 | E4: =TEXT(F4,"[$-2000000]0") -> ٠ | T4: =SUM(E4:S4) -> 0 | U4: - | V4: - | X4: ='2 ALIYAH D'!T4:T35 -> 85 | Y4: =T4 -> 0 | Z4: =X4+Y4 -> 85 | AA4: 26 | AB4: =Z4/AA4 -> 3 | AC4: =IF(AB4>=8.5,"الجيد الأول",IF(AB4>=7.5,"الجيد الثاني",IF(AB4>=6.5,"المتوسط الأول",IF(AB4>=5.5,"المتوسط الثاني",IF(AB4>=4.5,"الرديء",))))) -> 0 | AE4: ='2 ALIYAH D'!U4:U36 -> 1 | AF4: =U4:U38 -> - | AG4: =SUM(AE4:AF4) -> 1 | AI4: ='2 ALIYAH D'!V4:V35 -> - | AJ4: =V4:V29 -> - | AK4: =SUM(AI4:AJ4) -> 0
A5: ='2 ALIYAH D'!A5:C36 -> 04 | B5: ='2 ALIYAH D'!B5:D36 -> ATINA MAHSUNAH | C5: ='2 ALIYAH D'!C5:E36 -> 2793 | D5: 04 | E5: =TEXT(F5,"[$-2000000]0") -> ٠ | T5: =SUM(E5:S5) -> 0 | U5: - | V5: - | X5: ='2 ALIYAH D'!T5:T36 -> 112 | Y5: =T5 -> 0 | Z5: =X5+Y5 -> 112 | AA5: 26 | AB5: =Z5/AA5 -> 4 | AC5: =IF(AB5>=8.5,"الجيد الأول",IF(AB5>=7.5,"الجيد الثاني",IF(AB5>=6.5,"المتوسط الأول",IF(AB5>=5.5,"المتوسط الثاني",IF(AB5>=4.5,"الرديء",))))) -> 0 | AE5: ='2 ALIYAH D'!U5:U37 -> 5 | AF5: =U5:U38 -> - | AG5: =SUM(AE5:AF5) -> 5 | AI5: ='2 ALIYAH D'!V5:V36 -> - | AJ5: =V5:V30 -> - | AK5: =SUM(AI5:AJ5) -> 0
A6: ='2 ALIYAH D'!A6:C37 -> 05 | B6: DEWI FANIDA CAROLLINA | C6: ='2 ALIYAH D'!C6:E37 -> 2821 | D6: 05 | E6: =TEXT(F6,"[$-2000000]0") -> ٠ | T6: =SUM(E6:S6) -> 0 | U6: - | V6: - | X6: ='2 ALIYAH D'!T6:T37 -> 89 | Y6: =T6 -> 0 | Z6: =X6+Y6 -> 89 | AA6: 26 | AB6: =Z6/AA6 -> 3 | AC6: =IF(AB6>=8.5,"الجيد الأول",IF(AB6>=7.5,"الجيد الثاني",IF(AB6>=6.5,"المتوسط الأول",IF(AB6>=5.5,"المتوسط الثاني",IF(AB6>=4.5,"الرديء",))))) -> 0 | AE6: ='2 ALIYAH D'!U6:U38 -> - | AF6: =U6:U38 -> - | AG6: =SUM(AE6:AF6) -> 0 | AI6: ='2 ALIYAH D'!V6:V37 -> - | AJ6: =V6:V31 -> - | AK6: =SUM(AI6:AJ6) -> 0
A7: ='2 ALIYAH D'!A7:C38 -> 06 | B7: DUWI BAKDIYATUL MUALIFAH | C7: ='2 ALIYAH D'!C7:E38 -> 2757 | D7: 06 | E7: =TEXT(F7,"[$-2000000]0") -> ٠ | T7: =SUM(E7:S7) -> 0 | U7: - | V7: - | X7: ='2 ALIYAH D'!T7:T38 -> 85 | Y7: =T7 -> 0 | Z7: =X7+Y7 -> 85 | AA7: 26 | AB7: =Z7/AA7 -> 3 | AC7: =IF(AB7>=8.5,"الجيد الأول",IF(AB7>=7.5,"الجيد الثاني",IF(AB7>=6.5,"المتوسط الأول",IF(AB7>=5.5,"المتوسط الثاني",IF(AB7>=4.5,"الرديء",))))) -> 0 | AE7: ='2 ALIYAH D'!U7:U39 -> 4 | AF7: =U7:U38 -> - | AG7: =SUM(AE7:AF7) -> 4 | AI7: ='2 ALIYAH D'!V7:V38 -> 2 | AJ7: =V7:V32 -> - | AK7: =SUM(AI7:AJ7) -> 2
A8: ='2 ALIYAH D'!A8:C39 -> 07 | B8: DWYKA FIRDANDHA TUNGGA WIJAYA | C8: ='2 ALIYAH D'!C8:E39 -> 2758 | D8: 07 | E8: =TEXT(F8,"[$-2000000]0") -> ٠ | T8: =SUM(E8:S8) -> 0 | U8: - | V8: - | X8: ='2 ALIYAH D'!T8:T39 -> 96 | Y8: =T8 -> 0 | Z8: =X8+Y8 -> 96 | AA8: 26 | AB8: =Z8/AA8 -> 4 | AC8: =IF(AB8>=8.5,"الجيد الأول",IF(AB8>=7.5,"الجيد الثاني",IF(AB8>=6.5,"المتوسط الأول",IF(AB8>=5.5,"المتوسط الثاني",IF(AB8>=4.5,"الرديء",))))) -> 0 | AE8: ='2 ALIYAH D'!U8:U40 -> - | AF8: =U8:U38 -> - | AG8: =SUM(AE8:AF8) -> 0 | AI8: ='2 ALIYAH D'!V8:V39 -> - | AJ8: =V8:V33 -> - | AK8: =SUM(AI8:AJ8) -> 0
A9: ='2 ALIYAH D'!A9:C40 -> 08 | B9: FATIHATU DINIYAH | C9: ='2 ALIYAH D'!C9:E40 -> 2857 | D9: 08 | E9: =TEXT(F9,"[$-2000000]0") -> ٠ | T9: =SUM(E9:S9) -> 0 | U9: - | V9: - | X9: ='2 ALIYAH D'!T9:T40 -> 101 | Y9: =T9 -> 0 | Z9: =X9+Y9 -> 101 | AA9: 26 | AB9: =Z9/AA9 -> 4 | AC9: =IF(AB9>=8.5,"الجيد الأول",IF(AB9>=7.5,"الجيد الثاني",IF(AB9>=6.5,"المتوسط الأول",IF(AB9>=5.5,"المتوسط الثاني",IF(AB9>=4.5,"الرديء",))))) -> 0 | AE9: ='2 ALIYAH D'!U9:U41 -> - | AF9: =U9:U38 -> - | AG9: =SUM(AE9:AF9) -> 0 | AI9: ='2 ALIYAH D'!V9:V40 -> - | AJ9: =V9:V34 -> - | AK9: =SUM(AI9:AJ9) -> 0
A10: ='2 ALIYAH D'!A10:C41 -> 09 | B10: GHINA NABILA | C10: ='2 ALIYAH D'!C10:E41 -> 2733 | D10: 09 | E10: =TEXT(F10,"[$-2000000]0") -> ٠ | T10: =SUM(E10:S10) -> 0 | U10: - | V10: - | X10: ='2 ALIYAH D'!T10:T41 -> 85 | Y10: =T10 -> 0 | Z10: =X10+Y10 -> 85 | AA10: 26 | AB10: =Z10/AA10 -> 3 | AC10: =IF(AB10>=8.5,"الجيد الأول",IF(AB10>=7.5,"الجيد الثاني",IF(AB10>=6.5,"المتوسط الأول",IF(AB10>=5.5,"المتوسط الثاني",IF(AB10>=4.5,"الرديء",))))) -> 0 | AE10: ='2 ALIYAH D'!U10:U42 -> 1 | AF10: =U10:U38 -> - | AG10: =SUM(AE10:AF10) -> 1 | AI10: ='2 ALIYAH D'!V10:V41 -> - | AJ10: =V10:V35 -> - | AK10: =SUM(AI10:AJ10) -> 0
A11: ='2 ALIYAH D'!A11:C42 -> 10 | B11: ILYA AISYAH ROWI | C11: ='2 ALIYAH D'!C11:E42 -> 2862 | D11: 10 | E11: =TEXT(F11,"[$-2000000]0") -> ٠ | T11: =SUM(E11:S11) -> 0 | U11: - | V11: - | X11: ='2 ALIYAH D'!T11:T42 -> 104 | Y11: =T11 -> 0 | Z11: =X11+Y11 -> 104 | AA11: 26 | AB11: =Z11/AA11 -> 4 | AC11: =IF(AB11>=8.5,"الجيد الأول",IF(AB11>=7.5,"الجيد الثاني",IF(AB11>=6.5,"المتوسط الأول",IF(AB11>=5.5,"المتوسط الثاني",IF(AB11>=4.5,"الرديء",))))) -> 0 | AE11: ='2 ALIYAH D'!U11:U43 -> 1 | AF11: =U11:U38 -> - | AG11: =SUM(AE11:AF11) -> 1 | AI11: ='2 ALIYAH D'!V11:V42 -> - | AJ11: =V11:V36 -> - | AK11: =SUM(AI11:AJ11) -> 0
A12: ='2 ALIYAH D'!A12:C43 -> 11 | B12: JINANI FIRDAUSHIYAH | C12: ='2 ALIYAH D'!C12:E43 -> 2763 | D12: 11 | E12: =TEXT(F12,"[$-2000000]0") -> ٠ | T12: =SUM(E12:S12) -> 0 | U12: - | V12: - | X12: ='2 ALIYAH D'!T12:T43 -> 101 | Y12: =T12 -> 0 | Z12: =X12+Y12 -> 101 | AA12: 26 | AB12: =Z12/AA12 -> 4 | AC12: =IF(AB12>=8.5,"الجيد الأول",IF(AB12>=7.5,"الجيد الثاني",IF(AB12>=6.5,"المتوسط الأول",IF(AB12>=5.5,"المتوسط الثاني",IF(AB12>=4.5,"الرديء",))))) -> 0 | AE12: ='2 ALIYAH D'!U12:U44 -> 1 | AF12: =U12:U38 -> - | AG12: =SUM(AE12:AF12) -> 1 | AI12: ='2 ALIYAH D'!V12:V43 -> - | AJ12: =V12:V37 -> - | AK12: =SUM(AI12:AJ12) -> 0
A13: ='2 ALIYAH D'!A13:C44 -> 12 | B13: KEYSHA FATIMAH ATHAYAL ILAH | C13: ='2 ALIYAH D'!C13:E44 -> 2764 | D13: 12 | E13: =TEXT(F13,"[$-2000000]0") -> ٠ | T13: =SUM(E13:S13) -> 0 | U13: - | V13: - | X13: ='2 ALIYAH D'!T13:T44 -> 86 | Y13: =T13 -> 0 | Z13: =X13+Y13 -> 86 | AA13: 26 | AB13: =Z13/AA13 -> 3 | AC13: =IF(AB13>=8.5,"الجيد الأول",IF(AB13>=7.5,"الجيد الثاني",IF(AB13>=6.5,"المتوسط الأول",IF(AB13>=5.5,"المتوسط الثاني",IF(AB13>=4.5,"الرديء",))))) -> 0 | AE13: ='2 ALIYAH D'!U13:U45 -> - | AF13: =U13:U38 -> - | AG13: =SUM(AE13:AF13) -> 0 | AI13: ='2 ALIYAH D'!V13:V44 -> - | AJ13: =V13:V38 -> - | AK13: =SUM(AI13:AJ13) -> 0
A14: ='2 ALIYAH D'!A14:C45 -> 13 | B14: KHOEROTIN BARIROH | C14: ='2 ALIYAH D'!C14:E45 -> 2865 | D14: 13 | E14: =TEXT(F14,"[$-2000000]0") -> ٠ | T14: =SUM(E14:S14) -> 0 | U14: - | V14: - | X14: ='2 ALIYAH D'!T14:T45 -> 81 | Y14: =T14 -> 0 | Z14: =X14+Y14 -> 81 | AA14: 26 | AB14: =Z14/AA14 -> 3 | AC14: =IF(AB14>=8.5,"الجيد الأول",IF(AB14>=7.5,"الجيد الثاني",IF(AB14>=6.5,"المتوسط الأول",IF(AB14>=5.5,"المتوسط الثاني",IF(AB14>=4.5,"الرديء",))))) -> 0 | AE14: ='2 ALIYAH D'!U14:U46 -> - | AF14: =U14:U38 -> - | AG14: =SUM(AE14:AF14) -> 0 | AI14: ='2 ALIYAH D'!V14:V45 -> - | AJ14: =V14:V38 -> - | AK14: =SUM(AI14:AJ14) -> 0
A15: ='2 ALIYAH D'!A15:C46 -> 14 | B15: LUTFI HIDAYATUS SHOLIHAH | C15: ='2 ALIYAH D'!C15:E46 -> 2831 | D15: 14 | E15: =TEXT(F15,"[$-2000000]0") -> ٠ | T15: =SUM(E15:S15) -> 0 | U15: - | V15: - | X15: ='2 ALIYAH D'!T15:T46 -> 112 | Y15: =T15 -> 0 | Z15: =X15+Y15 -> 112 | AA15: 26 | AB15: =Z15/AA15 -> 4 | AC15: =IF(AB15>=8.5,"الجيد الأول",IF(AB15>=7.5,"الجيد الثاني",IF(AB15>=6.5,"المتوسط الأول",IF(AB15>=5.5,"المتوسط الثاني",IF(AB15>=4.5,"الرديء",))))) -> 0 | AE15: ='2 ALIYAH D'!U15:U47 -> 1 | AF15: =U15:U38 -> - | AG15: =SUM(AE15:AF15) -> 1 | AI15: ='2 ALIYAH D'!V15:V46 -> - | AJ15: =V15:V38 -> - | AK15: =SUM(AI15:AJ15) -> 0
A16: ='2 ALIYAH D'!A16:C47 -> 15 | B16: MASFIATUL AULIA | C16: ='2 ALIYAH D'!C16:E47 -> 2895 | D16: 15 | E16: =TEXT(F16,"[$-2000000]0") -> ٠ | T16: =SUM(E16:S16) -> 0 | U16: - | V16: - | X16: ='2 ALIYAH D'!T16:T47 -> 98 | Y16: =T16 -> 0 | Z16: =X16+Y16 -> 98 | AA16: 26 | AB16: =Z16/AA16 -> 4 | AC16: =IF(AB16>=8.5,"الجيد الأول",IF(AB16>=7.5,"الجيد الثاني",IF(AB16>=6.5,"المتوسط الأول",IF(AB16>=5.5,"المتوسط الثاني",IF(AB16>=4.5,"الرديء",))))) -> 0 | AE16: ='2 ALIYAH D'!U16:U48 -> 1 | AF16: =U16:U38 -> - | AG16: =SUM(AE16:AF16) -> 1 | AI16: ='2 ALIYAH D'!V16:V47 -> - | AJ16: =V16:V38 -> - | AK16: =SUM(AI16:AJ16) -> 0
A17: ='2 ALIYAH D'!A17:C48 -> 16 | B17: NAIL AL AMAL | C17: ='2 ALIYAH D'!C17:E48 -> 2809 | D17: 16 | E17: =TEXT(F17,"[$-2000000]0") -> ٠ | T17: =SUM(E17:S17) -> 0 | U17: - | V17: - | X17: ='2 ALIYAH D'!T17:T48 -> 85 | Y17: =T17 -> 0 | Z17: =X17+Y17 -> 85 | AA17: 26 | AB17: =Z17/AA17 -> 3 | AC17: =IF(AB17>=8.5,"الجيد الأول",IF(AB17>=7.5,"الجيد الثاني",IF(AB17>=6.5,"المتوسط الأول",IF(AB17>=5.5,"المتوسط الثاني",IF(AB17>=4.5,"الرديء",))))) -> 0 | AE17: ='2 ALIYAH D'!U17:U49 -> - | AF17: =U17:U39 -> - | AG17: =SUM(AE17:AF17) -> 0 | AI17: ='2 ALIYAH D'!V17:V48 -> - | AJ17: =V17:V38 -> - | AK17: =SUM(AI17:AJ17) -> 0
A18: ='2 ALIYAH D'!A18:C49 -> 17 | B18: NAILA FATHIMAH AZZAHRO | C18: ='2 ALIYAH D'!C18:E49 -> 2665 | D18: 17 | E18: =TEXT(F18,"[$-2000000]0") -> ٠ | T18: =SUM(E18:S18) -> 0 | U18: - | V18: - | X18: ='2 ALIYAH D'!T18:T49 -> 115 | Y18: =T18 -> 0 | Z18: =X18+Y18 -> 115 | AA18: 26 | AB18: =Z18/AA18 -> 4 | AC18: =IF(AB18>=8.5,"الجيد الأول",IF(AB18>=7.5,"الجيد الثاني",IF(AB18>=6.5,"المتوسط الأول",IF(AB18>=5.5,"المتوسط الثاني",IF(AB18>=4.5,"الرديء",))))) -> 0 | AE18: ='2 ALIYAH D'!U18:U50 -> 2 | AF18: =U18:U39 -> - | AG18: =SUM(AE18:AF18) -> 2 | AI18: ='2 ALIYAH D'!V18:V49 -> - | AJ18: =V18:V38 -> - | AK18: =SUM(AI18:AJ18) -> 0
A19: ='2 ALIYAH D'!A19:C50 -> 18 | B19: NAILLA SALSABILA FIRDAUSHI | C19: ='2 ALIYAH D'!C19:E50 -> 2666 | D19: 18 | E19: =TEXT(F19,"[$-2000000]0") -> ٠ | T19: =SUM(E19:S19) -> 0 | U19: - | V19: - | X19: ='2 ALIYAH D'!T19:T50 -> 86 | Y19: =T19 -> 0 | Z19: =X19+Y19 -> 86 | AA19: 26 | AB19: =Z19/AA19 -> 3 | AC19: =IF(AB19>=8.5,"الجيد الأول",IF(AB19>=7.5,"الجيد الثاني",IF(AB19>=6.5,"المتوسط الأول",IF(AB19>=5.5,"المتوسط الثاني",IF(AB19>=4.5,"الرديء",))))) -> 0 | AE19: ='2 ALIYAH D'!U19:U51 -> 1 | AF19: =U19:U39 -> - | AG19: =SUM(AE19:AF19) -> 1 | AI19: ='2 ALIYAH D'!V19:V50 -> - | AJ19: =V19:V38 -> - | AK19: =SUM(AI19:AJ19) -> 0
A20: ='2 ALIYAH D'!A20:C51 -> 19 | B20: NAYLIZZULFA | C20: ='2 ALIYAH D'!C20:E51 -> 2705 | D20: 19 | E20: =TEXT(F20,"[$-2000000]0") -> ٠ | T20: =SUM(E20:S20) -> 0 | U20: - | V20: - | X20: ='2 ALIYAH D'!T20:T51 -> 76 | Y20: =T20 -> 0 | Z20: =X20+Y20 -> 76 | AA20: 26 | AB20: =Z20/AA20 -> 3 | AC20: =IF(AB20>=8.5,"الجيد الأول",IF(AB20>=7.5,"الجيد الثاني",IF(AB20>=6.5,"المتوسط الأول",IF(AB20>=5.5,"المتوسط الثاني",IF(AB20>=4.5,"الرديء",))))) -> 0 | AE20: ='2 ALIYAH D'!U20:U52 -> 1 | AF20: =U20:U39 -> - | AG20: =SUM(AE20:AF20) -> 1 | AI20: ='2 ALIYAH D'!V20:V51 -> - | AJ20: =V20:V38 -> - | AK20: =SUM(AI20:AJ20) -> 0
A21: ='2 ALIYAH D'!A21:C52 -> 20 | B21: NENENG SAYYIDATUN HUMAIROH | C21: ='2 ALIYAH D'!C21:E52 -> 2706 | D21: 20 | E21: =TEXT(F21,"[$-2000000]0") -> ٠ | T21: =SUM(E21:S21) -> 0 | U21: - | V21: - | X21: ='2 ALIYAH D'!T21:T52 -> 68 | Y21: =T21 -> 0 | Z21: =X21+Y21 -> 68 | AA21: 26 | AB21: =Z21/AA21 -> 3 | AC21: =IF(AB21>=8.5,"الجيد الأول",IF(AB21>=7.5,"الجيد الثاني",IF(AB21>=6.5,"المتوسط الأول",IF(AB21>=5.5,"المتوسط الثاني",IF(AB21>=4.5,"الرديء",))))) -> 0 | AE21: ='2 ALIYAH D'!U21:U53 -> - | AF21: =U21:U39 -> - | AG21: =SUM(AE21:AF21) -> 0 | AI21: ='2 ALIYAH D'!V21:V52 -> - | AJ21: =V21:V38 -> - | AK21: =SUM(AI21:AJ21) -> 0
A22: ='2 ALIYAH D'!A22:C53 -> 21 | B22: OKTA FADILA | C22: ='2 ALIYAH D'!C22:E53 -> 2708 | D22: 21 | E22: =TEXT(F22,"[$-2000000]0") -> ٠ | T22: =SUM(E22:S22) -> 0 | U22: - | V22: - | X22: ='2 ALIYAH D'!T22:T53 -> 82 | Y22: =T22 -> 0 | Z22: =X22+Y22 -> 82 | AA22: 26 | AB22: =Z22/AA22 -> 3 | AC22: =IF(AB22>=8.5,"الجيد الأول",IF(AB22>=7.5,"الجيد الثاني",IF(AB22>=6.5,"المتوسط الأول",IF(AB22>=5.5,"المتوسط الثاني",IF(AB22>=4.5,"الرديء",))))) -> 0 | AE22: ='2 ALIYAH D'!U22:U54 -> 1 | AF22: =U22:U39 -> - | AG22: =SUM(AE22:AF22) -> 1 | AI22: ='2 ALIYAH D'!V22:V53 -> 1 | AJ22: =V22:V38 -> - | AK22: =SUM(AI22:AJ22) -> 1
A23: ='2 ALIYAH D'!A23:C54 -> 22 | B23: PUTRI NAJWA AQILA | C23: ='2 ALIYAH D'!C23:E54 -> 2841 | D23: 22 | E23: =TEXT(F23,"[$-2000000]0") -> ٠ | T23: =SUM(E23:S23) -> 0 | U23: - | V23: - | X23: ='2 ALIYAH D'!T23:T54 -> 74 | Y23: =T23 -> 0 | Z23: =X23+Y23 -> 74 | AA23: 26 | AB23: =Z23/AA23 -> 3 | AC23: =IF(AB23>=8.5,"الجيد الأول",IF(AB23>=7.5,"الجيد الثاني",IF(AB23>=6.5,"المتوسط الأول",IF(AB23>=5.5,"المتوسط الثاني",IF(AB23>=4.5,"الرديء",))))) -> 0 | AE23: ='2 ALIYAH D'!U23:U55 -> - | AF23: =U23:U39 -> - | AG23: =SUM(AE23:AF23) -> 0 | AI23: ='2 ALIYAH D'!V23:V54 -> - | AJ23: =V23:V38 -> - | AK23: =SUM(AI23:AJ23) -> 0
A24: ='2 ALIYAH D'!A24:C55 -> 23 | B24: PUTRINDA AYU BERLIANI | C24: ='2 ALIYAH D'!C24:E55 -> 2812 | D24: 23 | E24: =TEXT(F24,"[$-2000000]0") -> ٠ | T24: =SUM(E24:S24) -> 0 | U24: - | V24: - | X24: ='2 ALIYAH D'!T24:T55 -> 81 | Y24: =T24 -> 0 | Z24: =X24+Y24 -> 81 | AA24: 26 | AB24: =Z24/AA24 -> 3 | AC24: =IF(AB24>=8.5,"الجيد الأول",IF(AB24>=7.5,"الجيد الثاني",IF(AB24>=6.5,"المتوسط الأول",IF(AB24>=5.5,"المتوسط الثاني",IF(AB24>=4.5,"الرديء",))))) -> 0 | AE24: ='2 ALIYAH D'!U24:U56 -> 1 | AF24: =U24:U39 -> - | AG24: =SUM(AE24:AF24) -> 1 | AI24: ='2 ALIYAH D'!V24:V55 -> - | AJ24: =V24:V38 -> - | AK24: =SUM(AI24:AJ24) -> 0
A25: ='2 ALIYAH D'!A25:C56 -> 24 | B25: RAIHANAH | C25: ='2 ALIYAH D'!C25:E56 -> 2672 | D25: 24 | E25: =TEXT(F25,"[$-2000000]0") -> ٠ | T25: =SUM(E25:S25) -> 0 | U25: - | V25: - | X25: ='2 ALIYAH D'!T25:T56 -> 113 | Y25: =T25 -> 0 | Z25: =X25+Y25 -> 113 | AA25: 26 | AB25: =Z25/AA25 -> 4 | AC25: =IF(AB25>=8.5,"الجيد الأول",IF(AB25>=7.5,"الجيد الثاني",IF(AB25>=6.5,"المتوسط الأول",IF(AB25>=5.5,"المتوسط الثاني",IF(AB25>=4.5,"الرديء",))))) -> 0 | AE25: ='2 ALIYAH D'!U25:U57 -> - | AF25: =U25:U40 -> - | AG25: =SUM(AE25:AF25) -> 0 | AI25: ='2 ALIYAH D'!V25:V56 -> - | AJ25: =V25:V38 -> - | AK25: =SUM(AI25:AJ25) -> 0
A26: ='2 ALIYAH D'!A26:C57 -> 25 | B26: REVA ARDIANA FADILAH | C26: ='2 ALIYAH D'!C26:E57 -> 2875 | D26: 25 | E26: =TEXT(F26,"[$-2000000]0") -> ٠ | T26: =SUM(E26:S26) -> 0 | U26: - | V26: - | X26: ='2 ALIYAH D'!T26:T57 -> 89 | Y26: =T26 -> 0 | Z26: =X26+Y26 -> 89 | AA26: 26 | AB26: =Z26/AA26 -> 3 | AC26: =IF(AB26>=8.5,"الجيد الأول",IF(AB26>=7.5,"الجيد الثاني",IF(AB26>=6.5,"المتوسط الأول",IF(AB26>=5.5,"المتوسط الثاني",IF(AB26>=4.5,"الرديء",))))) -> 0 | AE26: ='2 ALIYAH D'!U26:U58 -> 4 | AF26: =U26:U41 -> - | AG26: =SUM(AE26:AF26) -> 4 | AI26: ='2 ALIYAH D'!V26:V57 -> - | AJ26: =V26:V38 -> - | AK26: =SUM(AI26:AJ26) -> 0
A27: ='2 ALIYAH D'!A27:C58 -> 26 | B27: SA'IDAH FIDDAROINI | C27: ='2 ALIYAH D'!C27:E58 -> 2845 | D27: 26 | E27: =TEXT(F27,"[$-2000000]0") -> ٠ | T27: =SUM(E27:S27) -> 0 | U27: - | V27: - | X27: ='2 ALIYAH D'!T27:T58 -> 86 | Y27: =T27 -> 0 | Z27: =X27+Y27 -> 86 | AA27: 26 | AB27: =Z27/AA27 -> 3 | AC27: =IF(AB27>=8.5,"الجيد الأول",IF(AB27>=7.5,"الجيد الثاني",IF(AB27>=6.5,"المتوسط الأول",IF(AB27>=5.5,"المتوسط الثاني",IF(AB27>=4.5,"الرديء",))))) -> 0 | AE27: ='2 ALIYAH D'!U27:U59 -> - | AF27: =U27:U42 -> - | AG27: =SUM(AE27:AF27) -> 0 | AI27: ='2 ALIYAH D'!V27:V58 -> - | AJ27: =V27:V38 -> - | AK27: =SUM(AI27:AJ27) -> 0
A28: ='2 ALIYAH D'!A28:C59 -> 27 | B28: SIFA MA'RIFATUL HASNA | C28: ='2 ALIYAH D'!C28:E59 -> 2782 | D28: 27 | E28: =TEXT(F28,"[$-2000000]0") -> ٠ | T28: =SUM(E28:S28) -> 0 | U28: - | V28: - | X28: ='2 ALIYAH D'!T28:T59 -> 102 | Y28: =T28 -> 0 | Z28: =X28+Y28 -> 102 | AA28: 26 | AB28: =Z28/AA28 -> 4 | AC28: =IF(AB28>=8.5,"الجيد الأول",IF(AB28>=7.5,"الجيد الثاني",IF(AB28>=6.5,"المتوسط الأول",IF(AB28>=5.5,"المتوسط الثاني",IF(AB28>=4.5,"الرديء",))))) -> 0 | AE28: ='2 ALIYAH D'!U28:U60 -> 2 | AF28: =U28:U43 -> - | AG28: =SUM(AE28:AF28) -> 2 | AI28: ='2 ALIYAH D'!V28:V59 -> 1 | AJ28: =V28:V38 -> - | AK28: =SUM(AI28:AJ28) -> 1
A29: ='2 ALIYAH D'!A29:C60 -> 28 | B29: SITI ASIAH | C29: ='2 ALIYAH D'!C29:E60 -> 2751 | D29: 28 | E29: =TEXT(F29,"[$-2000000]0") -> ٠ | T29: =SUM(E29:S29) -> 0 | U29: - | V29: - | X29: ='2 ALIYAH D'!T29:T60 -> 85 | Y29: =T29 -> 0 | Z29: =X29+Y29 -> 85 | AA29: 26 | AB29: =Z29/AA29 -> 3 | AC29: =IF(AB29>=8.5,"الجيد الأول",IF(AB29>=7.5,"الجيد الثاني",IF(AB29>=6.5,"المتوسط الأول",IF(AB29>=5.5,"المتوسط الثاني",IF(AB29>=4.5,"الرديء",))))) -> 0 | AE29: ='2 ALIYAH D'!U29:U61 -> 2 | AF29: =U29:U44 -> - | AG29: =SUM(AE29:AF29) -> 2 | AI29: ='2 ALIYAH D'!V29:V60 -> 12 | AJ29: =V29:V38 -> - | AK29: =SUM(AI29:AJ29) -> 12
A30: ='2 ALIYAH D'!A30:C61 -> 29 | B30: SITI ZIRAN NURFATWA | C30: ='2 ALIYAH D'!C30:E61 -> 2907 | D30: 29 | E30: =TEXT(F30,"[$-2000000]0") -> ٠ | T30: =SUM(E30:S30) -> 0 | U30: - | V30: - | X30: ='2 ALIYAH D'!T30:T61 -> 105 | Y30: =T30 -> 0 | Z30: =X30+Y30 -> 105 | AA30: 26 | AB30: =Z30/AA30 -> 4 | AC30: =IF(AB30>=8.5,"الجيد الأول",IF(AB30>=7.5,"الجيد الثاني",IF(AB30>=6.5,"المتوسط الأول",IF(AB30>=5.5,"المتوسط الثاني",IF(AB30>=4.5,"الرديء",))))) -> 0 | AE30: ='2 ALIYAH D'!U30:U62 -> 1 | AF30: =U30:U45 -> - | AG30: =SUM(AE30:AF30) -> 1 | AI30: ='2 ALIYAH D'!V30:V61 -> - | AJ30: =V30:V38 -> - | AK30: =SUM(AI30:AJ30) -> 0
A31: ='2 ALIYAH D'!A31:C62 -> 30 | B31: ULFA ZAHROTUL 'ADNA | C31: ='2 ALIYAH D'!C31:E62 -> 2849 | D31: 30 | E31: =TEXT(F31,"[$-2000000]0") -> ٠ | T31: =SUM(E31:S31) -> 0 | U31: - | V31: - | X31: ='2 ALIYAH D'!T31:T62 -> 91 | Y31: =T31 -> 0 | Z31: =X31+Y31 -> 91 | AA31: 26 | AB31: =Z31/AA31 -> 4 | AC31: =IF(AB31>=8.5,"الجيد الأول",IF(AB31>=7.5,"الجيد الثاني",IF(AB31>=6.5,"المتوسط الأول",IF(AB31>=5.5,"المتوسط الثاني",IF(AB31>=4.5,"الرديء",))))) -> 0 | AE31: ='2 ALIYAH D'!U31:U63 -> 1 | AF31: =U31:U46 -> - | AG31: =SUM(AE31:AF31) -> 1 | AI31: ='2 ALIYAH D'!V31:V62 -> - | AJ31: =V31:V38 -> - | AK31: =SUM(AI31:AJ31) -> 0
A32: ='2 ALIYAH D'!A32:C63 -> 31 | B32: YULIDA MAHARANI | C32: ='2 ALIYAH D'!C32:E63 -> 2686 | D32: 31 | E32: =TEXT(F32,"[$-2000000]0") -> ٠ | T32: =SUM(E32:S32) -> 0 | U32: - | V32: - | X32: ='2 ALIYAH D'!T32:T63 -> 105 | Y32: =T32 -> 0 | Z32: =X32+Y32 -> 105 | AA32: 26 | AB32: =Z32/AA32 -> 4 | AC32: =IF(AB32>=8.5,"الجيد الأول",IF(AB32>=7.5,"الجيد الثاني",IF(AB32>=6.5,"المتوسط الأول",IF(AB32>=5.5,"المتوسط الثاني",IF(AB32>=4.5,"الرديء",))))) -> 0 | AE32: ='2 ALIYAH D'!U32:U64 -> 1 | AF32: =U32:U47 -> - | AG32: =SUM(AE32:AF32) -> 1 | AI32: ='2 ALIYAH D'!V32:V63 -> - | AJ32: =V32:V38 -> - | AK32: =SUM(AI32:AJ32) -> 0
A33: ='2 ALIYAH D'!A33:C64 -> 32 | B33: ZAHARA MAULIDIA SURATMAN PUTRI | C33: ='2 ALIYAH D'!C33:E64 -> 2719 | D33: 32 | E33: =TEXT(F33,"[$-2000000]0") -> ٠ | T33: =SUM(E33:S33) -> 0 | U33: - | V33: - | X33: ='2 ALIYAH D'!T33:T64 -> 81 | Y33: =T33 -> 0 | Z33: =X33+Y33 -> 81 | AA33: 26 | AB33: =Z33/AA33 -> 3 | AC33: المتوسط الأول | AE33: ='2 ALIYAH D'!U33:U65 -> 2 | AF33: =U33:U48 -> - | AG33: =SUM(AE33:AF33) -> 2 | AI33: ='2 ALIYAH D'!V33:V64 -> - | AJ33: =V33:V38 -> - | AK33: =SUM(AI33:AJ33) -> 0
A34: ='2 ALIYAH D'!A34:C65 -> 0 | C34: ='2 ALIYAH D'!C34:E65 -> 0 | D34: 33 | E34: =TEXT(F34,"[$-2000000]0") -> ٠ | T34: =SUM(E34:S34) -> 0 | U34: - | V34: - | X34: ='2 ALIYAH D'!T34:T65 -> 0 | Y34: =T34 -> 0 | Z34: =X34+Y34 -> 0 | AA34: 26 | AB34: =Z34/AA34 -> 0 | AC34: =IF(AB34>=8.5,"الجيد الأول",IF(AB34>=7.5,"الجيد الثاني",IF(AB34>=6.5,"المتوسط الأول",IF(AB34>=5.5,"المتوسط الثاني",IF(AB34>=4.5,"الرديء",))))) -> 0 | AE34: ='2 ALIYAH D'!U34:U66 -> 0 | AF34: =U34:U49 -> - | AG34: =SUM(AE34:AF34) -> 0 | AI34: ='2 ALIYAH D'!V34:V65 -> 0 | AJ34: =V34:V39 -> - | AK34: =SUM(AI34:AJ34) -> 0
A35: ='2 ALIYAH D'!A34:C66 -> 0 | C35: ='2 ALIYAH D'!C34:E66 -> 0 | D35: 34 | E35: =TEXT(F35,"[$-2000000]0") -> ٠ | T35: =SUM(E35:S35) -> 0 | U35: - | V35: - | X35: ='2 ALIYAH D'!T35:T66 -> 0 | Y35: =T35 -> 0 | Z35: =X35+Y35 -> 0 | AA35: 26 | AB35: =Z35/AA35 -> 0 | AC35: =IF(AB35>=8.5,"الجيد الأول",IF(AB35>=7.5,"الجيد الثاني",IF(AB35>=6.5,"المتوسط الأول",IF(AB35>=5.5,"المتوسط الثاني",IF(AB35>=4.5,"الرديء",))))) -> 0 | AE35: ='2 ALIYAH D'!U35:U67 -> 0 | AF35: =U35:U50 -> - | AG35: =SUM(AE35:AF35) -> 0 | AI35: ='2 ALIYAH D'!V35:V66 -> 0 | AJ35: =V35:V39 -> - | AK35: =SUM(AI35:AJ35) -> 0
A36: ='2 ALIYAH D'!A34:C67 -> 0 | C36: ='2 ALIYAH D'!C34:E67 -> 0 | D36: 35 | E36: =TEXT(F36,"[$-2000000]0") -> ٠ | T36: =SUM(E36:S36) -> 0 | U36: - | V36: - | X36: ='2 ALIYAH D'!T36:T67 -> 0 | Y36: =T36 -> 0 | Z36: =X36+Y36 -> 0 | AA36: 26 | AB36: =Z36/AA36 -> 0 | AC36: =IF(AB36>=8.5,"الجيد الأول",IF(AB36>=7.5,"الجيد الثاني",IF(AB36>=6.5,"المتوسط الأول",IF(AB36>=5.5,"المتوسط الثاني",IF(AB36>=4.5,"الرديء",))))) -> 0 | AE36: ='2 ALIYAH D'!U36:U68 -> 0 | AF36: =U36:U51 -> - | AG36: =SUM(AE36:AF36) -> 0 | AI36: ='2 ALIYAH D'!V36:V67 -> 0 | AJ36: =V36:V39 -> - | AK36: =SUM(AI36:AJ36) -> 0
A37: ='2 ALIYAH D'!A34:C68 -> 0 | C37: ='2 ALIYAH D'!C34:E68 -> 0 | D37: 36 | E37: =TEXT(F37,"[$-2000000]0") -> ٠ | T37: =SUM(E37:S37) -> 0 | U37: - | V37: - | X37: ='2 ALIYAH D'!T37:T68 -> 0 | Y37: =T37 -> 0 | Z37: =X37+Y37 -> 0 | AA37: 26 | AB37: =Z37/AA37 -> 0 | AC37: =IF(AB37>=8.5,"الجيد الأول",IF(AB37>=7.5,"الجيد الثاني",IF(AB37>=6.5,"المتوسط الأول",IF(AB37>=5.5,"المتوسط الثاني",IF(AB37>=4.5,"الرديء",))))) -> 0 | AE37: ='2 ALIYAH D'!U37:U69 -> 0 | AF37: =U37:U52 -> - | AG37: =SUM(AE37:AF37) -> 0 | AI37: ='2 ALIYAH D'!V37:V68 -> 0 | AJ37: =V37:V39 -> - | AK37: =SUM(AI37:AJ37) -> 0
A38: ='2 ALIYAH D'!A34:C69 -> 0 | B38: ='2 ALIYAH D'!B34:D69 -> 0 | C38: ='2 ALIYAH D'!C34:E69 -> 0 | D38: 37 | E38: =TEXT(F38,"[$-2000000]0") -> ٠ | T38: =SUM(E38:S38) -> 0 | U38: - | V38: - | X38: ='2 ALIYAH D'!T38:T69 -> 0 | Y38: =T38 -> 0 | Z38: =X38+Y38 -> 0 | AA38: 26 | AB38: =Z38/AA38 -> 0 | AC38: =IF(AB38>=8.5,"الجيد الأول",IF(AB38>=7.5,"الجيد الثاني",IF(AB38>=6.5,"المتوسط الأول",IF(AB38>=5.5,"المتوسط الثاني",IF(AB38>=4.5,"الرديء",))))) -> 0 | AE38: ='2 ALIYAH D'!U38:U70 -> 0 | AF38: =U38:U53 -> - | AG38: =SUM(AE38:AF38) -> 0 | AI38: ='2 ALIYAH D'!V38:V69 -> 0 | AJ38: =V38:V39 -> - | AK38: =SUM(AI38:AJ38) -> 0
A39: ='2 ALIYAH D'!A34:C70 -> 0 | B39: ='2 ALIYAH D'!B34:D70 -> 0 | C39: ='2 ALIYAH D'!C34:E70 -> 0 | D39: 38 | E39: =TEXT(F39,"[$-2000000]0") -> ٠ | T39: =SUM(E39:S39) -> 0 | U39: - | V39: - | X39: ='2 ALIYAH D'!T39:T70 -> 0 | Y39: =T39 -> 0 | Z39: =X39+Y39 -> 0 | AA39: 26 | AB39: =Z39/AA39 -> 0 | AC39: =IF(AB39>=8.5,"الجيد الأول",IF(AB39>=7.5,"الجيد الثاني",IF(AB39>=6.5,"المتوسط الأول",IF(AB39>=5.5,"المتوسط الثاني",IF(AB39>=4.5,"الرديء",))))) -> 0 | AE39: ='2 ALIYAH D'!U39:U71 -> 0 | AF39: =U39:U54 -> - | AG39: =SUM(AE39:AF39) -> 0 | AI39: ='2 ALIYAH D'!V39:V70 -> 0 | AJ39: =V39:V39 -> - | AK39: =SUM(AI39:AJ39) -> 0
B40: NILAI 'AM | E40: =TEXT(F40,"[$-2000000]0") -> ٠ | F40: =SUM(F2:F39) -> 0 | G40: =SUM(G2:G39) -> 0 | H40: =SUM(H2:H39) -> 0 | I40: =SUM(I2:I39) -> 0 | J40: =SUM(J2:J39) -> 0 | K40: =SUM(K2:K39) -> 0 | L40: =SUM(L2:L39) -> 0 | M40: =SUM(M2:M39) -> 0 | ... S40: =SUM(S2:S39) -> 0
H44: NILAI 'AM
H45: =E40/D39 -> 0
H46: =G40/D39 -> 0
H47: =H40/D39 -> 0
H48: =I40/D39 -> 0
H49: =J40/D39 -> 0
H50: =K40/D39 -> 0
H51: =L40/D39 -> 0
H52: =M40/D39 -> 0
H53: =N40/D39 -> 0
H54: =O40/D39 -> 0
H55: =P40/D39 -> 0
H56: =Q40/D39 -> 0
H57: =R40/D39 -> 0
H58: =S40/D39 -> 0
H59: =SUM(H45:H58) -> 0

Sheet 2 ALY E
A1: No. Tamrin | B1: Nama | C1: No. Stambuk | D1: JML Siswi | E1: تفسير الجلالين | G1: إتمام الدراية | H1: رياض الصالحين | I1: كفاية العوام | J1: فتح المعين | K1: تسهيل الطرقات | L1: مبادئ قواعد الفقهية | M1: عدة الفارض | N1: الفية ابن مالك | O1: بداية الهداية | P1: الخط \ الإملاء | Q1: قراءة الكتب | R1: المحافظة | S1: الأخلاق | T1: جمل أرقام الدرجات الدراسية | U1: بإذن | V1: بغيره | X1: SEMESTER I | Y1: semester II | Z1: Jumlah | AA1: pelajaran SI & S II | AB1: rata-rata | AC1: niai prestasi | AE1: S1 | AF1: S2 | AG1: JUMLAH IDZNI | AI1: S 1 | AJ1: S 2 | AK1: JUMLAH BIGHOIRIHI
A2: ='2 ALIYAH E'!A2 -> 01 | B2: ='2 ALIYAH E'!B2 -> DEWI FATMAWATI | C2: ='2 ALIYAH E'!C2 -> 2754 | D2: 01 | E2: =TEXT(F2,"[$-2000000]0") -> ٧ | F2: 7 | G2: - | H2: 7 | I2: 9 | J2: 9 | K2: 9 | L2: 8 | M2: 8 | N2: 7 | O2: 6 | P2: 9 | Q2: 8 | R2: 8 | S2: 8 | T2: =SUM(E2:S2) -> 103 | U2: 3 | V2: - | X2: ='2 ALIYAH E'!T2 -> 98 | Y2: =T2 -> 103 | Z2: =X2+Y2 -> 201 | AA2: 26 | AB2: =Z2/AA2 -> 8 | AC2: =IF(AB2>=8.5,"الجيد الأول",IF(AB2>=7.5,"الجيد الثاني",IF(AB2>=6.5,"المتوسط الأول",IF(AB2>=5.5,"المتوسط الثاني",IF(AB2>=4.5,"الرديء",))))) -> الجيد الثاني | AE2: ='2 ALIYAH E'!U2 -> 7 | AF2: =U2:U32 -> 3 | AG2: =SUM(AE2:AF2) -> 10 | AI2: ='2 ALIYAH E'!V2 -> - | AJ2: =V2:V25 -> - | AK2: =SUM(AI2:AJ2) -> 0
A3: ='2 ALIYAH E'!A3 -> 02 | B3: ='2 ALIYAH E'!B3 -> DIAH AYU ROSITA | C3: ='2 ALIYAH E'!C3 -> 2755 | D3: 02 | E3: =TEXT(F3,"[$-2000000]0") -> ٧ | F3: 7 | G3: - | H3: 8 | I3: 8 | J3: 6 | K3: 7 | L3: 8 | M3: 5 | N3: 5 | O3: 9 | P3: 8 | Q3: 8 | R3: 8 | S3: 8 | T3: =SUM(E3:S3) -> 95 | U3: 3 | V3: 1 | X3: ='2 ALIYAH E'!T3 -> 96 | Y3: =T3 -> 95 | Z3: =X3+Y3 -> 191 | AA3: 26 | AB3: =Z3/AA3 -> 7 | AC3: =IF(AB3>=8.5,"الجيد الأول",IF(AB3>=7.5,"الجيد الثاني",IF(AB3>=6.5,"المتوسط الأول",IF(AB3>=5.5,"المتوسط الثاني",IF(AB3>=4.5,"الرديء",))))) -> المتوسط الأول | AE3: ='2 ALIYAH E'!U3 -> - | AF3: =U3:U32 -> 3 | AG3: =SUM(AE3:AF3) -> 3 | AI3: ='2 ALIYAH E'!V3 -> - | AJ3: =V3:V26 -> 1 | AK3: =SUM(AI3:AJ3) -> 1
A4: ='2 ALIYAH E'!A4 -> 03 | B4: ='2 ALIYAH E'!B4 -> DITYA KHAILILA KHUSNA | C4: ='2 ALIYAH E'!C4 -> 2823 | D4: 03 | E4: =TEXT(F4,"[$-2000000]0") -> ٨ | F4: 8 | G4: - | H4: 9 | I4: 9 | J4: 9 | K4: 9 | L4: 8 | M4: 8 | N4: 9 | O4: 9 | P4: 8 | Q4: 8 | R4: 8 | S4: 8 | T4: =SUM(E4:S4) -> 110 | U4: - | V4: - | X4: ='2 ALIYAH E'!T4 -> 96 | Y4: =T4 -> 110 | Z4: =X4+Y4 -> 206 | AA4: 26 | AB4: =Z4/AA4 -> 8 | AC4: =IF(AB4>=8.5,"الجيد الأول",IF(AB4>=7.5,"الجيد الثاني",IF(AB4>=6.5,"المتوسط الأول",IF(AB4>=5.5,"المتوسط الثاني",IF(AB4>=4.5,"الرديء",))))) -> الجيد الثاني | AE4: ='2 ALIYAH E'!U4 -> 12 | AF4: =U4:U32 -> - | AG4: =SUM(AE4:AF4) -> 12 | AI4: ='2 ALIYAH E'!V4 -> 17 | AJ4: =V4:V27 -> - | AK4: =SUM(AI4:AJ4) -> 17
A5: ='2 ALIYAH E'!A5 -> 04 | B5: ='2 ALIYAH E'!B5 -> ELZA ALVIN NUR AMALIA | C5: ='2 ALIYAH E'!C5 -> 2824 | D5: 04 | E5: =TEXT(F5,"[$-2000000]0") -> ٩ | F5: 9 | G5: - | H5: 9 | I5: 9 | J5: 9 | K5: 8 | L5: 9 | M5: 7 | N5: 9 | O5: 8 | P5: 9 | Q5: 8 | R5: 8 | S5: 8 | T5: =SUM(E5:S5) -> 110 | U5: - | V5: - | X5: ='2 ALIYAH E'!T5 -> 104 | Y5: =T5 -> 110 | Z5: =X5+Y5 -> 214 | AA5: 26 | AB5: =Z5/AA5 -> 8 | AC5: =IF(AB5>=8.5,"الجيد الأول",IF(AB5>=7.5,"الجيد الثاني",IF(AB5>=6.5,"المتوسط الأول",IF(AB5>=5.5,"المتوسط الثاني",IF(AB5>=4.5,"الرديء",))))) -> الجيد الثاني | AE5: ='2 ALIYAH E'!U5 -> 2 | AF5: =U5:U32 -> - | AG5: =SUM(AE5:AF5) -> 2 | AI5: ='2 ALIYAH E'!V5 -> - | AJ5: =V5:V28 -> - | AK5: =SUM(AI5:AJ5) -> 0
A6: ='2 ALIYAH E'!A6 -> 05 | B6: ='2 ALIYAH E'!B6 -> ENI SUPRIATI NINGSIH | C6: ='2 ALIYAH E'!C6 -> 2825 | D6: 05 | E6: =TEXT(F6,"[$-2000000]0") -> ٥ | F6: 5 | G6: - | H6: 5 | I6: 5 | J6: 5 | K6: 4 | L6: 5 | M6: 5 | N6: 5 | O6: 5 | P6: 7 | Q6: 7 | R6: 7 | S6: 8 | T6: =SUM(E6:S6) -> 73 | U6: - | V6: - | X6: ='2 ALIYAH E'!T6 -> 76 | Y6: =T6 -> 73 | Z6: =X6+Y6 -> 149 | AA6: 26 | AB6: =Z6/AA6 -> 6 | AC6: =IF(AB6>=8.5,"الجيد الأول",IF(AB6>=7.5,"الجيد الثاني",IF(AB6>=6.5,"المتوسط الأول",IF(AB6>=5.5,"المتوسط الثاني",IF(AB6>=4.5,"الرديء",))))) -> المتوسط الثاني | AE6: ='2 ALIYAH E'!U6 -> - | AF6: =U6:U32 -> - | AG6: =SUM(AE6:AF6) -> 0 | AI6: ='2 ALIYAH E'!V6 -> - | AJ6: =V6:V28 -> - | AK6: =SUM(AI6:AJ6) -> 0
A7: ='2 ALIYAH E'!A7 -> 06 | B7: ='2 ALIYAH E'!B7 -> FATHIMAH AL BATUL | C7: ='2 ALIYAH E'!C7 -> 2826 | D7: 06 | E7: =TEXT(F7,"[$-2000000]0") -> ٨ | F7: 8 | G7: - | H7: 9 | I7: 9 | J7: 8 | K7: 6 | L7: 8 | M7: 6 | N7: 8 | O7: 7 | P7: 8 | Q7: 8 | R7: 8 | S7: 8 | T7: =SUM(E7:S7) -> 101 | U7: - | V7: 1 | X7: ='2 ALIYAH E'!T7 -> 87 | Y7: =T7 -> 101 | Z7: =X7+Y7 -> 188 | AA7: 26 | AB7: =Z7/AA7 -> 7 | AC7: =IF(AB7>=8.5,"الجيد الأول",IF(AB7>=7.5,"الجيد الثاني",IF(AB7>=6.5,"المتوسط الأول",IF(AB7>=5.5,"المتوسط الثاني",IF(AB7>=4.5,"الرديء",))))) -> المتوسط الأول | AE7: ='2 ALIYAH E'!U7 -> 1 | AF7: =U7:U32 -> - | AG7: =SUM(AE7:AF7) -> 1 | AI7: ='2 ALIYAH E'!V7 -> - | AJ7: =V7:V29 -> 1 | AK7: =SUM(AI7:AJ7) -> 1
A8: ='2 ALIYAH E'!A8 -> 07 | B8: ='2 ALIYAH E'!B8 -> HANUM MASRUROH | C8: ='2 ALIYAH E'!C8 -> 2655 | D8: 07 | E8: =TEXT(F8,"[$-2000000]0") -> ٩ | F8: 9 | G8: - | H8: 9 | I8: 9 | J8: 9 | K8: 8 | L8: 9 | M8: 9 | N8: 9 | O8: 9 | P8: 8 | Q8: 8 | R8: 8 | S8: 8 | T8: =SUM(E8:S8) -> 112 | U8: - | V8: - | X8: ='2 ALIYAH E'!T8 -> 108 | Y8: =T8 -> 112 | Z8: =X8+Y8 -> 220 | AA8: 26 | AB8: =Z8/AA8 -> 8 | AC8: =IF(AB8>=8.5,"الجيد الأول",IF(AB8>=7.5,"الجيد الثاني",IF(AB8>=6.5,"المتوسط الأول",IF(AB8>=5.5,"المتوسط الثاني",IF(AB8>=4.5,"الرديء",))))) -> الجيد الثاني | AE8: ='2 ALIYAH E'!U8 -> - | AF8: =U8:U32 -> - | AG8: =SUM(AE8:AF8) -> 0 | AI8: ='2 ALIYAH E'!V8 -> - | AJ8: =V8:V29 -> - | AK8: =SUM(AI8:AJ8) -> 0
A9: ='2 ALIYAH E'!A9 -> 08 | B9: ='2 ALIYAH E'!B9 -> HASUNAH | C9: ='2 ALIYAH E'!C9 -> 2803 | D9: 08 | E9: =TEXT(F9,"[$-2000000]0") -> ٧ | F9: 7 | G9: - | H9: 9 | I9: 9 | J9: 8 | K9: 9 | L9: 8 | M9: 6 | N9: 8 | O9: 8 | P9: 8 | Q9: 8 | R9: 8 | S9: 8 | T9: =SUM(E9:S9) -> 104 | U9: - | V9: - | X9: ='2 ALIYAH E'!T9 -> 103 | Y9: =T9 -> 104 | Z9: =X9+Y9 -> 207 | AA9: 26 | AB9: =Z9/AA9 -> 8 | AC9: =IF(AB9>=8.5,"الجيد الأول",IF(AB9>=7.5,"الجيد الثاني",IF(AB9>=6.5,"المتوسط الأول",IF(AB9>=5.5,"المتوسط الثاني",IF(AB9>=4.5,"الرديء",))))) -> الجيد الثاني | AE9: ='2 ALIYAH E'!U9 -> - | AF9: =U9:U32 -> - | AG9: =SUM(AE9:AF9) -> 0 | AI9: ='2 ALIYAH E'!V9 -> - | AJ9: =V9:V30 -> - | AK9: =SUM(AI9:AJ9) -> 0
A10: ='2 ALIYAH E'!A10 -> 09 | B10: ='2 ALIYAH E'!B10 -> JESI LESTARI | C10: ='2 ALIYAH E'!C10 -> 2863 | D10: 09 | E10: =TEXT(F10,"[$-2000000]0") -> ٥ | F10: 5 | G10: - | H10: 6 | I10: 6 | J10: 5 | K10: 6 | L10: 4 | M10: 5 | N10: 5 | O10: 5 | P10: 7 | Q10: 6 | R10: 7 | S10: 8 | T10: =SUM(E10:S10) -> 75 | U10: - | V10: - | X10: ='2 ALIYAH E'!T10 -> 77 | Y10: =T10 -> 75 | Z10: =X10+Y10 -> 152 | AA10: 26 | AB10: =Z10/AA10 -> 6 | AC10: =IF(AB10>=8.5,"الجيد الأول",IF(AB10>=7.5,"الجيد الثاني",IF(AB10>=6.5,"المتوسط الأول",IF(AB10>=5.5,"المتوسط الثاني",IF(AB10>=4.5,"الرديء",))))) -> المتوسط الثاني | AE10: ='2 ALIYAH E'!U10 -> - | AF10: =U10:U32 -> - | AG10: =SUM(AE10:AF10) -> 0 | AI10: ='2 ALIYAH E'!V10 -> - | AJ10: =V10:V31 -> - | AK10: =SUM(AI10:AJ10) -> 0
A11: ='2 ALIYAH E'!A11 -> 10 | B11: ='2 ALIYAH E'!B11 -> KIFA YATUT TAUBAH | C11: ='2 ALIYAH E'!C11 -> 2807 | D11: 10 | E11: =TEXT(F11,"[$-2000000]0") -> ٩ | F11: 9 | G11: - | H11: 9 | I11: 9 | J11: 8 | K11: 7 | L11: 8 | M11: 8 | N11: 6 | O11: 7 | P11: 8 | Q11: 8 | R11: 8 | S11: 8 | T11: =SUM(E11:S11) -> 103 | U11: - | V11: - | X11: ='2 ALIYAH E'!T11 -> 104 | Y11: =T11 -> 103 | Z11: =X11+Y11 -> 207 | AA11: 26 | AB11: =Z11/AA11 -> 8 | AC11: =IF(AB11>=8.5,"الجيد الأول",IF(AB11>=7.5,"الجيد الثاني",IF(AB11>=6.5,"المتوسط الأول",IF(AB11>=5.5,"المتوسط الثاني",IF(AB11>=4.5,"الرديء",))))) -> الجيد الثاني | AE11: ='2 ALIYAH E'!U11 -> 1 | AF11: =U11:U32 -> - | AG11: =SUM(AE11:AF11) -> 1 | AI11: ='2 ALIYAH E'!V11 -> - | AJ11: =V11:V32 -> - | AK11: =SUM(AI11:AJ11) -> 0
A12: ='2 ALIYAH E'!A12 -> 12 | B12: ='2 ALIYAH E'!B12 -> LUTFIA AZZAHRA | C12: ='2 ALIYAH E'!C12 -> 2869 | D12: 11 | E12: =TEXT(F12,"[$-2000000]0") -> ٩ | F12: 9 | G12: - | H12: 9 | I12: 7 | J12: 9 | K12: 8 | L12: 9 | M12: 8 | N12: 7 | O12: 7 | P12: 8 | Q12: 8 | R12: 8 | S12: 8 | T12: =SUM(E12:S12) -> 105 | U12: - | V12: - | X12: ='2 ALIYAH E'!T12 -> 98 | Y12: =T12 -> 105 | Z12: =X12+Y12 -> 203 | AA12: 26 | AB12: =Z12/AA12 -> 8 | AC12: =IF(AB12>=8.5,"الجيد الأول",IF(AB12>=7.5,"الجيد الثاني",IF(AB12>=6.5,"المتوسط الأول",IF(AB12>=5.5,"المتوسط الثاني",IF(AB12>=4.5,"الرديء",))))) -> الجيد الثاني | AE12: ='2 ALIYAH E'!U12 -> - | AF12: =U12:U32 -> - | AG12: =SUM(AE12:AF12) -> 0 | AI12: ='2 ALIYAH E'!V12 -> - | AJ12: =V12:V32 -> - | AK12: =SUM(AI12:AJ12) -> 0
A13: ='2 ALIYAH E'!A13 -> 13 | B13: ='2 ALIYAH E'!B13 -> MACHYA MAMLUATUL 'AZA | C13: ='2 ALIYAH E'!C13 -> 2738 | D13: 12 | E13: =TEXT(F13,"[$-2000000]0") -> ٩ | F13: 9 | G13: - | H13: 9 | I13: 9 | J13: 9 | K13: 7 | L13: 9 | M13: 9 | N13: 9 | O13: 9 | P13: 9 | Q13: 9 | R13: 8 | S13: 8 | T13: =SUM(E13:S13) -> 113 | U13: - | V13: - | X13: ='2 ALIYAH E'!T13 -> 110 | Y13: =T13 -> 113 | Z13: =X13+Y13 -> 223 | AA13: 26 | AB13: =Z13/AA13 -> 9 | AC13: =IF(AB13>=8.5,"الجيد الأول",IF(AB13>=7.5,"الجيد الثاني",IF(AB13>=6.5,"المتوسط الأول",IF(AB13>=5.5,"المتوسط الثاني",IF(AB13>=4.5,"الرديء",))))) -> الجيد الأول | AE13: ='2 ALIYAH E'!U13 -> - | AF13: =U13:U32 -> - | AG13: =SUM(AE13:AF13) -> 0 | AI13: ='2 ALIYAH E'!V13 -> - | AJ13: =V13:V32 -> - | AK13: =SUM(AI13:AJ13) -> 0
A14: ='2 ALIYAH E'!A14 -> 14 | B14: ='2 ALIYAH E'!B14 -> MARYAM | C14: ='2 ALIYAH E'!C14 -> 2832 | D14: 13 | E14: =TEXT(F14,"[$-2000000]0") -> ٩ | F14: 9 | G14: - | H14: 9 | I14: 9 | J14: 9 | K14: 9 | L14: 9 | M14: 9 | N14: 9 | O14: 9 | P14: 9 | Q14: 9 | R14: 8 | S14: 8 | T14: =SUM(E14:S14) -> 115 | U14: - | V14: - | X14: ='2 ALIYAH E'!T14 -> 114 | Y14: =T14 -> 115 | Z14: =X14+Y14 -> 229 | AA14: 26 | AB14: =Z14/AA14 -> 9 | AC14: =IF(AB14>=8.5,"الجيد الأول",IF(AB14>=7.5,"الجيد الثاني",IF(AB14>=6.5,"المتوسط الأول",IF(AB14>=5.5,"المتوسط الثاني",IF(AB14>=4.5,"الرديء",))))) -> الجيد الأول | AE14: ='2 ALIYAH E'!U14 -> - | AF14: =U14:U32 -> - | AG14: =SUM(AE14:AF14) -> 0 | AI14: ='2 ALIYAH E'!V14 -> - | AJ14: =V14:V32 -> - | AK14: =SUM(AI14:AJ14) -> 0
A15: ='2 ALIYAH E'!A15 -> 15 | B15: ='2 ALIYAH E'!B15 -> MAULA SAIDAH AYYAMI | C15: ='2 ALIYAH E'!C15 -> 2768 | D15: 14 | E15: =TEXT(F15,"[$-2000000]0") -> ٧ | F15: 7 | G15: - | H15: 7 | I15: 5 | J15: 5 | K15: 6 | L15: 6 | M15: 5 | N15: 5 | O15: 6 | P15: 7 | Q15: 7 | R15: 7 | S15: 7 | T15: =SUM(E15:S15) -> 80 | U15: - | V15: - | X15: ='2 ALIYAH E'!T15 -> 80 | Y15: =T15 -> 80 | Z15: =X15+Y15 -> 160 | AA15: 26 | AB15: =Z15/AA15 -> 6 | AC15: =IF(AB15>=8.5,"الجيد الأول",IF(AB15>=7.5,"الجيد الثاني",IF(AB15>=6.5,"المتوسط الأول",IF(AB15>=5.5,"المتوسط الثاني",IF(AB15>=4.5,"الرديء",))))) -> المتوسط الثاني | AE15: ='2 ALIYAH E'!U15 -> - | AF15: =U15:U32 -> - | AG15: =SUM(AE15:AF15) -> 0 | AI15: ='2 ALIYAH E'!V15 -> - | AJ15: =V15:V32 -> - | AK15: =SUM(AI15:AJ15) -> 0
A16: ='2 ALIYAH E'!A16 -> 16 | B16: ='2 ALIYAH E'!B16 -> MU'MINATUL AZIZAH | C16: ='2 ALIYAH E'!C16 -> 2897 | D16: 15 | E16: =TEXT(F16,"[$-2000000]0") -> ٦ | F16: 6 | G16: - | H16: 7 | I16: 9 | J16: 6 | K16: 5 | L16: 6 | M16: 6 | N16: 5 | O16: 5 | P16: 8 | Q16: 8 | R16: 8 | S16: 8 | T16: =SUM(E16:S16) -> 87 | U16: - | V16: - | X16: ='2 ALIYAH E'!T16 -> 82 | Y16: =T16 -> 87 | Z16: =X16+Y16 -> 169 | AA16: 26 | AB16: =Z16/AA16 -> 7 | AC16: =IF(AB16>=8.5,"الجيد الأول",IF(AB16>=7.5,"الجيد الثاني",IF(AB16>=6.5,"المتوسط الأول",IF(AB16>=5.5,"المتوسط الثاني",IF(AB16>=4.5,"الرديء",))))) -> المتوسط الأول | AE16: ='2 ALIYAH E'!U16 -> - | AF16: =U16:U32 -> - | AG16: =SUM(AE16:AF16) -> 0 | AI16: ='2 ALIYAH E'!V16 -> - | AJ16: =V16:V32 -> - | AK16: =SUM(AI16:AJ16) -> 0
A17: ='2 ALIYAH E'!A17 -> 17 | B17: ='2 ALIYAH E'!B17 -> NAFISA NAJWA FIMA FILLAH | C17: ='2 ALIYAH E'!C17 -> 2741 | D17: 16 | E17: =TEXT(F17,"[$-2000000]0") -> ٩ | F17: 9 | G17: - | H17: 9 | I17: 9 | J17: 8 | K17: 9 | L17: 9 | M17: 8 | N17: 9 | O17: 9 | P17: 9 | Q17: 9 | R17: 8 | S17: 8 | T17: =SUM(E17:S17) -> 113 | U17: - | V17: - | X17: ='2 ALIYAH E'!T17 -> 113 | Y17: =T17 -> 113 | Z17: =X17+Y17 -> 226 | AA17: 26 | AB17: =Z17/AA17 -> 9 | AC17: =IF(AB17>=8.5,"الجيد الأول",IF(AB17>=7.5,"الجيد الثاني",IF(AB17>=6.5,"المتوسط الأول",IF(AB17>=5.5,"المتوسط الثاني",IF(AB17>=4.5,"الرديء",))))) -> الجيد الأول | AE17: ='2 ALIYAH E'!U17 -> 1 | AF17: =U17:U32 -> - | AG17: =SUM(AE17:AF17) -> 1 | AI17: ='2 ALIYAH E'!V17 -> - | AJ17: =V17:V32 -> - | AK17: =SUM(AI17:AJ17) -> 0
A18: ='2 ALIYAH E'!A18 -> 18 | B18: ='2 ALIYAH E'!B18 -> NAILA ALFA FAUZA | C18: ='2 ALIYAH E'!C18 -> 2898 | D18: 17 | E18: =TEXT(F18,"[$-2000000]0") -> ٨ | F18: 8 | G18: - | H18: 8 | I18: 9 | J18: 7 | K18: 6 | L18: 9 | M18: 8 | N18: 8 | O18: 7 | P18: 8 | Q18: 8 | R18: 8 | S18: 8 | T18: =SUM(E18:S18) -> 102 | U18: - | V18: - | X18: ='2 ALIYAH E'!T18 -> 95 | Y18: =T18 -> 102 | Z18: =X18+Y18 -> 197 | AA18: 26 | AB18: =Z18/AA18 -> 8 | AC18: =IF(AB18>=8.5,"الجيد الأول",IF(AB18>=7.5,"الجيد الثاني",IF(AB18>=6.5,"المتوسط الأول",IF(AB18>=5.5,"المتوسط الثاني",IF(AB18>=4.5,"الرديء",))))) -> الجيد الثاني | AE18: ='2 ALIYAH E'!U18 -> - | AF18: =U18:U32 -> - | AG18: =SUM(AE18:AF18) -> 0 | AI18: ='2 ALIYAH E'!V18 -> - | AJ18: =V18:V32 -> - | AK18: =SUM(AI18:AJ18) -> 0
